FECHA,TIPO DE MOVIMIENTO,PROYECTO,SUBCATEGORIA,DESCRIPCION,CATEGORIA/DETALLE, IMPORTE CONTABLE , CUENTA JUAN CARLOS , PAYO SANTIAGO , BANCOLOMBIA , HOTMART JSD , PAYO JSD , PAYO FRAN , JERWIN PERÚ , BINANCE ,
1 de octubre de 2025,,INFOPRODUCTOS X,,Card charge (FACEBK *2JG9GY4W22),FB ADS,,,,,,-$ 60.0 ,,,,
1 de octubre de 2025,,INFOPRODUCTOS X,,Card charge (FACEBK *PNM78ZUV22),FB ADS,,,,,,-$ 60.0 ,,,,
1 de octubre de 2025,,INFOPRODUCTOS X,,Card charge (FACEBK *QKB2EY4W22),FB ADS,,,,,,-$ 60.0 ,,,,
1 de octubre de 2025,,AGENCIA X,DOMINIO,Card charge (GOOGLE *GSUITE_automsc),DOMINIO,,,,,,-$ 13.0 ,,,,
2 de octubre de 2025,,INFOPRODUCTOS X,,Card charge (FACEBK *9RJ79ZQW22),FB ADS,,,,,,-$ 60.0 ,,,,
2 de octubre de 2025,,INFOPRODUCTOS X,,Card charge (FACEBK *VGXSKY4W22),FB ADS,,,,,,-$ 60.0 ,,,,
2 de octubre de 2025,,INFOPRODUCTOS X,,Card charge (FACEBK *QTY6AZUV22),FB ADS,,,,,,-$ 60.0 ,,,,
3 de octubre de 2025,,INFOPRODUCTOS X,,Card charge (FACEBK *7LLLBYYV22),FB ADS,,,,,,-$ 60.0 ,,,,
3 de octubre de 2025,,GERSSON L9,,Card charge (MANYCHAT.COM),MANYCHAT,,,,,,-$ 20.0 ,,,,
3 de octubre de 2025,,GERSSON L9,,Card charge (MANYCHAT.COM),MANYCHAT,,,,,,-$ 20.0 ,,,,
3 de octubre de 2025,,AGENCIA X,DOMINIO,Card charge (GRAL WEB EBANX COMPRA),DOMINIO,,,,,,-$ 3.6 ,,,,
3 de octubre de 2025,,AGENCIA X,NOMINA OCTUBRE,Payment to Bancolombia (6138),NOMINA,,,,,,"-$ 3,091.8 ",,,,
4 de octubre de 2025,,INFOPRODUCTOS X,,Card charge (FACEBK *8RH3GYYV22),FB ADS,,,,,,-$ 60.0 ,,,,
4 de octubre de 2025,,INFOPRODUCTOS X,,Card charge (FACEBK *AP7YDYYV22),FB ADS,,,,,,-$ 60.0 ,,,,
4 de octubre de 2025,,INFOPRODUCTOS X,,Card charge (FACEBK *CJQYEZUV22),FB ADS,,,,,,-$ 60.0 ,,,,
4 de octubre de 2025,,AGENCIA X,CLAUDE,Card charge (CLAUDE.AI SUBSCRIPTION),CLAUDE,,,,,,-$ 20.0 ,,,,
4 de octubre de 2025,,GERSSON L9,SENDFLOW,Card charge (HOTMART PTP),SENDFLOW,,,,,,-$ 99.0 ,,,,
5 de octubre de 2025,,INFOPRODUCTOS X,,Card charge (FACEBK *6GLQPYGW22),FB ADS,,,,,,-$ 60.0 ,,,,
5 de octubre de 2025,,INFOPRODUCTOS X,,Card charge (FACEBK *F67ZSY4W22),FB ADS,,,,,,-$ 60.0 ,,,,
5 de octubre de 2025,,GERSSON L9,HOSTING,Card charge (hostinger.com),HOSTINGUER,,,,,,-$ 14.6 ,,,,
6 de octubre de 2025,,INFOPRODUCTOS X,,Card charge (FACEBK *YQDQLZQW22),FB ADS,,,,,,-$ 60.0 ,,,,
6 de octubre de 2025,,INFOPRODUCTOS X,,Card charge (FACEBK *VACQNYYV22),FB ADS,,,,,,-$ 60.0 ,,,,
6 de octubre de 2025,,GERSSON L9,,Card charge (MANYCHAT.COM),MANYCHAT,,,,,,-$ 20.0 ,,,,
6 de octubre de 2025,,GERSSON L9,,Card charge (MANYCHAT.COM),MANYCHAT,,,,,,-$ 20.0 ,,,,
7 de octubre de 2025,,INFOPRODUCTOS X,,Card charge (FACEBK *QS5VUYGW22),FB ADS,,,,,,-$ 60.0 ,,,,
7 de octubre de 2025,,GERSSON L9,,Card charge (MANYCHAT.COM),MANYCHAT,,,,,,-$ 20.0 ,,,,
7 de octubre de 2025,,AGENCIA X,CURSOR PLATAFORMAS,Card charge (CURSOR USAGE  SEP),CURSOR,,,,,,-$ 19.3 ,,,,
8 de octubre de 2025,,INFOPRODUCTOS X,,Card charge (FACEBK *3YLTTZQW22),FB ADS,,,,,,-$ 60.0 ,,,,
8 de octubre de 2025,,INFOPRODUCTOS X,,Card charge (FACEBK *FTZNUZUV22),FB ADS,,,,,,-$ 60.0 ,,,,
8 de octubre de 2025,,GERSSON L9,,Card charge (MANYCHAT.COM),MANYCHAT,,,,,,-$ 20.0 ,,,,
8 de octubre de 2025,,GERSSON L9,,Card charge (MANYCHAT.COM),MANYCHAT,,,,,,-$ 20.0 ,,,,
8 de octubre de 2025,,AGENCIA X,,Card charge (GOOGLE *Google One),GOOGLE ONE,,,,,,-$ 30.1 ,,,,
8 de octubre de 2025,,AGENCIA X,CAPCUT,Card charge (PAYPAL *CAPCUT),CAPCUT,,,,,,-$ 16.3 ,,,,
9 de octubre de 2025,,INFOPRODUCTOS X,,Card charge (FACEBK *M8JJ3ZGW22),FB ADS,,,,,,-$ 60.0 ,,,,
9 de octubre de 2025,,GERSSON L9,,Card charge (MANYCHAT.COM),MANYCHAT,,,,,,-$ 20.0 ,,,,
9 de octubre de 2025,,GERSSON L9,,Card charge (MANYCHAT.COM),MANYCHAT,,,,,,-$ 20.0 ,,,,
9 de octubre de 2025,,GERSSON L9,HOSTING,Card charge (DLO*hostinger.co),HOSTINGUER,,,,,,-$ 15.6 ,,,,
9 de octubre de 2025,,GERSSON L9,EASYPANEL,Card charge (hostinger.com),HOSTINGUER,,,,,,-$ 64.5 ,,,,
9 de octubre de 2025,,GERSSON L9,,"Card charge (STAPE, INC.)",STAPE,,,,,,-$ 20.0 ,,,,
10 de octubre de 2025,,GERSSON L9,,Card charge (MANYCHAT.COM),MANYCHAT,,,,,,-$ 20.0 ,,,,
12 de octubre de 2025,,INFOPRODUCTOS X,,Card charge (FACEBK *BB2QVZ8W22),FB ADS,,,,,,-$ 60.0 ,,,,
12 de octubre de 2025,,INFOPRODUCTOS X,,Card charge (FACEBK *RWGC8ZYV22),FB ADS,,,,,,-$ 60.0 ,,,,
12 de octubre de 2025,,INFOPRODUCTOS X,,Card charge (FACEBK *Y4UN42RW22),FB ADS,,,,,,-$ 60.0 ,,,,
12 de octubre de 2025,,INFOPRODUCTOS X,,Card charge (FACEBK *UBA22ZYV22),FB ADS,,,,,,-$ 60.0 ,,,,
12 de octubre de 2025,,GERSSON L9,,Card charge (MANYCHAT.COM),MANYCHAT,,,,,,-$ 20.0 ,,,,
12 de octubre de 2025,,GERSSON L9,,Card charge (MANYCHAT.COM),MANYCHAT,,,,,,-$ 20.0 ,,,,
12 de octubre de 2025,,GERSSON L9,,Card charge (MANYCHAT.COM),MANYCHAT,,,,,,-$ 20.0 ,,,,
12 de octubre de 2025,,GERSSON L9,,Card charge (MANYCHAT.COM),MANYCHAT,,,,,,-$ 20.0 ,,,,
12 de octubre de 2025,,PRESTAMOS SANTIAGO,,"Card charge (OPENROUTER, INC)",OPENROUTER,,,,,,-$ 5.8 ,,,,
13 de octubre de 2025,,INFOPRODUCTOS X,,Card charge (FACEBK *RTAXD2VV22),FB ADS,,,,,,-$ 60.0 ,,,,
13 de octubre de 2025,,GERSSON L9,,Card charge (MANYCHAT.COM),MANYCHAT,,,,,,-$ 20.0 ,,,,
13 de octubre de 2025,,GERSSON L9,,Card charge (MANYCHAT.COM),MANYCHAT,,,,,,-$ 20.0 ,,,,
13 de octubre de 2025,,GERSSON L9,,Card charge (MANYCHAT.COM),MANYCHAT,,,,,,-$ 20.0 ,,,,
13 de octubre de 2025,,GERSSON L9,FLODESK,Card charge (FLODESK.COM),FLODESK,,,,,,-$ 38.0 ,,,,
15 de octubre de 2025,,INFOPRODUCTOS X,,Card charge (FACEBK *VKEQC2DW22),FB ADS,,,,,,-$ 60.0 ,,,,
15 de octubre de 2025,,INFOPRODUCTOS X,,Card charge (FACEBK *CX2TG2VW22),FB ADS,,,,,,-$ 60.0 ,,,,
15 de octubre de 2025,,INFOPRODUCTOS X,,Card charge (FACEBK *8VM9F2VW22),FB ADS,,,,,,-$ 60.0 ,,,,
15 de octubre de 2025,,GERSSON L9,,Card charge (MANYCHAT.COM),MANYCHAT,,,,,,-$ 20.0 ,,,,
15 de octubre de 2025,,GERSSON L9,,Card charge (MANYCHAT.COM),MANYCHAT,,,,,,-$ 20.0 ,,,,
15 de octubre de 2025,,GERSSON L9,,Card charge (MANYCHAT.COM),MANYCHAT,,,,,,-$ 20.0 ,,,,
15 de octubre de 2025,,GERSSON L9,,Card charge (MANYCHAT.COM),MANYCHAT,,,,,,-$ 20.0 ,,,,
15 de octubre de 2025,,GERSSON L9,,Card charge (MANYCHAT.COM),MANYCHAT,,,,,,-$ 20.0 ,,,,
15 de octubre de 2025,SALIDA CONTABLE,ADRIANA,,TRASLADO UTILIDADES,TRASLADOS UTILIDADES,"-$ 11,047.0 ",,,,,,,,,
15 de octubre de 2025,INGRESO CONTABLE,AGENCIA X,,TRASLADO UTILIDADES ADRIANA,[ADRIANA] UTILIDADES 15 OCTUBRE," $ 11,047.0 ",,,,,,,,,
15 de octubre de 2025,,GERSSON L8,,VENTAS DESDE EL 1 OCTUBRE AL 15 OCTUBRE,INGRESOS HOTMART,,,,," $ 3,654.0 ",,,,,
15 de octubre de 2025,SALIDA CONTABLE,GERSSON L8,,TRASLADO UTILIDADES,TRASLADOS UTILIDADES,"-$ 50,828.0 ",,,,,,,,,
15 de octubre de 2025,INGRESO CONTABLE,AGENCIA X,,TRASLADO UTILIDADES GERSSON L8,UTILIDADES GERSSON L8," $ 50,828.0 ",,,,,,,,,
15 de octubre de 2025,SALIDA CONTABLE,INFOPRODUCTOS X,,TRASLADO UTILIDADES,TRASLADOS UTILIDADES,"-$ 3,227.0 ",,,,,,,,,
15 de octubre de 2025,INGRESO CONTABLE,AGENCIA X,,TRASLADO UTILIDADES INFOPRODUCTOS X,UTILIDADES INFOPRODUCTOS CORTE 15 OCT," $ 3,227.0 ",,,,,,,,,
15 de octubre de 2025,SALIDA CONTABLE,GIORGIO L1,,TRASLADO UTILIDADES,TRASLADOS UTILIDADES,-$ 343.0 ,,,,,,,,,
15 de octubre de 2025,INGRESO CONTABLE,AGENCIA X,,TRASLADO UTILIDADES GIORGIO,UTILIDADES GIORGIO L1, $ 343.0 ,,,,,,,,,
15 de octubre de 2025,SALIDA CONTABLE,NELLY,,TRASLADO UTILIDADES,TRASLADOS UTILIDADES, $ 743.0 ,,,,,,,,,
15 de octubre de 2025,INGRESO CONTABLE,AGENCIA X,,TRASLADO UTILIDADES NELLY,UTILIDADES NELLY,-$ 743.0 ,,,,,,,,,
15 de octubre de 2025,SALIDA CONTABLE,VCAPITAL L1,,TRASLADO UTILIDADES,TRASLADOS UTILIDADES,-$ 84.0 ,,,,,,,,,
15 de octubre de 2025,INGRESO CONTABLE,AGENCIA X,,TRASLADO UTILIDADES VCAPITALL1,UTILIDADES VCAPITAL L1, $ 84.0 ,,,,,,,,,
16 de octubre de 2025,,GERSSON L9,,Card charge (MANYCHAT.COM),MANYCHAT,,,,,,-$ 20.0 ,,,,
16 de octubre de 2025,,GERSSON L9,,Card charge (MANYCHAT.COM),MANYCHAT,,,,,,-$ 20.0 ,,,,
16 de octubre de 2025,,GERSSON L9,,Card charge (MANYCHAT.COM),MANYCHAT,,,,,,-$ 20.0 ,,,,
16 de octubre de 2025,,HOTMART,,Payment from Hotmart,RETIRO HOTMART,,,,,"-$ 5,965.0 "," $ 5,965.0 ",,,,
16 de octubre de 2025,SALIDA CONTABLE,AGENCIA X,,TRASLADO UTILIDADES,TRASLADO EXCEDENTE AGENCIA X,"-$ 50,518.0 ",,,,,,,,,
16 de octubre de 2025,INGRESO CONTABLE,FONDO LIBRE,,TRASLADO EXCEDENTE PARA REPARTIR,EXCEDENTE AGENCIA X 15 OCTUBRE," $ 50,518.0 ",,,,,,,,,
16 de octubre de 2025,,GERSSON L9,,Card charge (FLODESK.COM),FLODESK,,,,,,-$ 38.0 ,,,,
16 de octubre de 2025,,INFOPRODUCTOS X,,Card charge (FACEBK *7JUMFZLW22),FB ADS,,,,,,-$ 60.0 ,,,,
16 de octubre de 2025,,INFOPRODUCTOS X,,Card charge (FACEBK *K8Z6WZ4W22),FB ADS,,,,,,-$ 60.0 ,,,,
17 de octubre de 2025,,INFOPRODUCTOS X,,Card charge (FACEBK *9V2SL2RW22),FB ADS,,,,,,-$ 60.0 ,,,,
17 de octubre de 2025,,GERSSON L9,,Card charge (MANYCHAT.COM),MANYCHAT,,,,,,-$ 20.0 ,,,,
17 de octubre de 2025,,GERSSON L9,,Card charge (MANYCHAT.COM),MANYCHAT,,,,,,-$ 20.0 ,,,,
18 de octubre de 2025,,INFOPRODUCTOS X,,Card charge (FACEBK *2AYQM5MUQ2),FB ADS,,,,,,-$ 1.3 ,,,,
18 de octubre de 2025,,INFOPRODUCTOS X,,Card charge (FACEBK *7Q7DSZYV22),FB ADS,,,,,,-$ 60.0 ,,,,
18 de octubre de 2025,,INFOPRODUCTOS X,,Card charge (FACEBK *8VYWR2RW22),FB ADS,,,,,,-$ 60.0 ,,,,
18 de octubre de 2025,,INFOPRODUCTOS X,,Card charge (FACEBK *BXYJPZYV22),FB ADS,,,,,,-$ 60.0 ,,,,
18 de octubre de 2025,,INFOPRODUCTOS X,,Card charge (FACEBK *DYNZP2VW22),FB ADS,,,,,,-$ 9.4 ,,,,
18 de octubre de 2025,,INFOPRODUCTOS X,,Card charge (FACEBK *FQGAR2VW22),FB ADS,,,,,,-$ 60.0 ,,,,
18 de octubre de 2025,,INFOPRODUCTOS X,,Card charge (FACEBK *UTQ2S2VW22),FB ADS,,,,,,-$ 59.8 ,,,,
18 de octubre de 2025,,GERSSON L9,,Card charge (FACEBK *V5FZ64M3D2),FB ADS,,,,,,-$ 573.7 ,,,,
18 de octubre de 2025,,GERSSON L9,,Card charge (MANYCHAT.COM),MANYCHAT,,,,,,-$ 20.0 ,,,,
18 de octubre de 2025,,GERSSON L9,,Card charge (MANYCHAT.COM),MANYCHAT,,,,,,-$ 20.0 ,,,,
18 de octubre de 2025,,GERSSON L9,,Card charge (MANYCHAT.COM),MANYCHAT,,,,,,-$ 20.0 ,,,,
18 de octubre de 2025,,GERSSON L9,,Card charge (MANYCHAT.COM),MANYCHAT,,,,,,-$ 20.0 ,,,,
18 de octubre de 2025,,GERSSON L9,,Card charge (MANYCHAT.COM),MANYCHAT,,,,,,-$ 20.0 ,,,,
18 de octubre de 2025,,AGENCIA X,,Card charge (OPENAI *CHATGPT SUBSCR),CHATGPT,,,,,,-$ 20.0 ,,,,
18 de octubre de 2025,,GERSSON L9,,Card charge (STREAMYARD.COM),STREAMYARD,,,,,,-$ 89.0 ,,,,
19 de octubre de 2025,,GERSSON L9,,Card charge (FACEBK *9B4U9453D2),FB ADS,,,,,,-$ 900.0 ,,,,
19 de octubre de 2025,,INFOPRODUCTOS X,,Card charge (FACEBK *C7JYP2DW22),FB ADS,,,,,,-$ 60.0 ,,,,
19 de octubre de 2025,,GERSSON L9,,Card charge (FACEBK *CPT3V4R3D2),FB ADS,,,,,,-$ 900.0 ,,,,
19 de octubre de 2025,,INFOPRODUCTOS X,,Card charge (FACEBK *ENGR22HW22),FB ADS,,,,,,-$ 60.0 ,,,,
19 de octubre de 2025,,GERSSON L9,,Card charge (FACEBK *NRGAN4V2D2),FB ADS,,,,,,-$ 900.0 ,,,,
19 de octubre de 2025,,AGENCIA X,VPS PUNTAJE,Card charge (HOSTINGER* HOSTINGER.C),HOSTINGUER,,,,,,-$ 13.6 ,,,,
19 de octubre de 2025,,GERSSON L9,,Card charge (MANYCHAT.COM),MANYCHAT,,,,,,-$ 20.0 ,,,,
19 de octubre de 2025,,GERSSON L9,,Card charge (MANYCHAT.COM),MANYCHAT,,,,,,-$ 20.0 ,,,,
19 de octubre de 2025,,GERSSON L9,,Card charge (MANYCHAT.COM),MANYCHAT,,,,,,-$ 20.0 ,,,,
19 de octubre de 2025,,GERSSON L9,,Card charge (MANYCHAT.COM),MANYCHAT,,,,,,-$ 20.0 ,,,,
19 de octubre de 2025,,AGENCIA X,,Card charge (STAPE  INC.),STAPE,,,,,,-$ 20.3 ,,,,
20 de octubre de 2025,,GERSSON L9,,Card charge (FACEBK *4WJ834D3D2),FB ADS,,,,,,-$ 900.0 ,,,,
20 de octubre de 2025,,GERSSON L9,,Card charge (FACEBK *7YAHC4M3D2),FB ADS,,,,,,-$ 900.0 ,,,,
20 de octubre de 2025,,GERSSON L9,,Card charge (FACEBK *BS6AR393D2),FB ADS,,,,,,-$ 900.0 ,,,,
20 de octubre de 2025,,GERSSON L9,,Card charge (FACEBK *H8A244D3D2),FB ADS,,,,,,-$ 900.0 ,,,,
20 de octubre de 2025,,GERSSON L9,,Card charge (FACEBK *NAXY25R3D2),FB ADS,,,,,,-$ 900.0 ,,,,
20 de octubre de 2025,,INFOPRODUCTOS X,,Card charge (FACEBK *U8QN52HW22),FB ADS,,,,,,-$ 60.0 ,,,,
20 de octubre de 2025,,INFOPRODUCTOS X,,Card charge (FACEBK *YCH8Z2VV22),FB ADS,,,,,,-$ 60.0 ,,,,
20 de octubre de 2025,,GERSSON L9,,Card charge (MANYCHAT.COM),MANYCHAT,,,,,,-$ 20.0 ,,,,
20 de octubre de 2025,,GERSSON L9,,Card charge (MANYCHAT.COM),MANYCHAT,,,,,,-$ 20.0 ,,,,
20 de octubre de 2025,,GERSSON L9,,Card charge (MANYCHAT.COM),MANYCHAT,,,,,,-$ 20.0 ,,,,
21 de octubre de 2025,,INFOPRODUCTOS X,,Card charge (FACEBK *8TYP53VV22),FB ADS,,,,,,-$ 60.0 ,,,,
21 de octubre de 2025,,GERSSON L9,,Card charge (FACEBK *YQUE74D3D2),FB ADS,,,,,,-$ 900.0 ,,,,
21 de octubre de 2025,,GERSSON L9,,Card charge (MANYCHAT.COM),MANYCHAT,,,,,,-$ 20.0 ,,,,
22 de octubre de 2025,,INFOPRODUCTOS X,,Card charge (FACEBK *CGDF93VW22),FB ADS,,,,,,-$ 60.0 ,,,,
22 de octubre de 2025,,GERSSON L9,,Card charge (FACEBK *GTVDV5V3D2),FB ADS,,,,,,-$ 900.0 ,,,,
22 de octubre de 2025,,INFOPRODUCTOS X,,Card charge (FACEBK *LGFU63VW22),FB ADS,,,,,,-$ 60.0 ,,,,
23 de octubre de 2025,,INFOPRODUCTOS X,,Card charge (FACEBK *2QXK43DW22),FB ADS,,,,,,-$ 60.0 ,,,,
23 de octubre de 2025,,GERSSON L9,,Card charge (FACEBK *3N66M4M3D2),FB ADS,,,,,,-$ 900.0 ,,,,
23 de octubre de 2025,,INFOPRODUCTOS X,,Card charge (FACEBK *ZL84B2ZV22),FB ADS,,,,,,-$ 60.0 ,,,,
23 de octubre de 2025,,AGENCIA X,,Card charge (GREATAPPS),GREATPAGES,,,,,,-$ 52.0 ,,,,
23 de octubre de 2025,,GERSSON VENTA DIRECTA,,Card charge (PANDAVIDEO.COM),PANDAVIDEO,,,,,,-$ 57.7 ,,,,
23 de octubre de 2025,,HOTMART,,Payment from Hotmart,RETIRO HOTMART,,,,,"-$ 2,080.0 "," $ 2,080.0 ",,,,
25 de octubre de 2025,,FONDO LIBRE,,REPARTICIÓN DANIEL MARTINEZ (14%),REPARTO UTILIDADES SOCIOS,,,,,,"-$ 7,294.0 ",,,,
25 de octubre de 2025,,AGENCIA X,,Card charge (CURSOR  AI POWERED IDE),CURSOR,,,,,,-$ 20.0 ,,,,
25 de octubre de 2025,,INFOPRODUCTOS X,,Card charge (FACEBK *2EDQE3RW22),FB ADS,,,,,,-$ 60.0 ,,,,
25 de octubre de 2025,,INFOPRODUCTOS X,,Card charge (FACEBK *6MXQY29W22),FB ADS,,,,,,-$ 60.0 ,,,,
25 de octubre de 2025,,INFOPRODUCTOS X,,Card charge (FACEBK *CKG3M2HW22),FB ADS,,,,,,-$ 60.0 ,,,,
25 de octubre de 2025,,INFOPRODUCTOS X,,Card charge (FACEBK *EAX7X4V2X2),FB ADS,,,,,,-$ 24.0 ,,,,
25 de octubre de 2025,,INFOPRODUCTOS X,,Card charge (FACEBK *HXKP3652X2),FB ADS,,,,,,-$ 21.0 ,,,,
25 de octubre de 2025,,INFOPRODUCTOS X,,Card charge (FACEBK *P4TCM5M2X2),FB ADS,,,,,,-$ 27.0 ,,,,
25 de octubre de 2025,,INFOPRODUCTOS X,,Card charge (FACEBK *WRS6P25W22),FB ADS,,,,,,-$ 60.0 ,,,,
25 de octubre de 2025,,GERSSON L9,,Card charge (FACEBK *Z24395V2D2),FB ADS,,,,,,-$ 900.0 ,,,,
26 de octubre de 2025,,INFOPRODUCTOS X,,Card charge (FACEBK *PQKYY4V2X2),FB ADS,,,,,,-$ 100.0 ,,,,
26 de octubre de 2025,,GERSSON L9,,Payment to Gersson Lopez,FB ADS,,,,,,"-$ 2,622.0 ",,,,
26 de octubre de 2025,,INFOPRODUCTOS X,,Card charge (FACEBK *V6DGL3VW22),FB ADS,,,,,,-$ 30.0 ,,,,
26 de octubre de 2025,,INFOPRODUCTOS X,,Card charge (FACEBK *KU7C85VZW2),FB ADS,,,,,,-$ 60.0 ,,,,
27 de octubre de 2025,,INFOPRODUCTOS X,,Card charge (FACEBK *UPYJ8692X2),FB ADS,,,,,,-$ 100.0 ,,,,
27 de octubre de 2025,,INFOPRODUCTOS X,,Card charge (FACEBK *WQCMH2MW22),FB ADS,,,,,,-$ 60.0 ,,,,
27 de octubre de 2025,,INFOPRODUCTOS X,,Card charge (FACEBK *JQEGR4H2X2),FB ADS,,,,,,-$ 33.0 ,,,,
27 de octubre de 2025,,INFOPRODUCTOS X,,Card charge (FACEBK *XM4EM3VW22),FB ADS,,,,,,-$ 60.0 ,,,,
27 de octubre de 2025,,GERSSON L9,,Card charge (FACEBK *VGFUA4Z2D2),FB ADS,,,,,,-$ 900.0 ,,,,
27 de octubre de 2025,,GERSSON L9,,Card charge (MANYCHAT.COM),MANYCHAT,,,,,,-$ 20.0 ,,,,
27 de octubre de 2025,,GERSSON L9,,Card charge (MANYCHAT.COM),MANYCHAT,,,,,,-$ 20.0 ,,,,
27 de octubre de 2025,,GERSSON L9,,Card charge (MANYCHAT.COM),MANYCHAT,,,,,,-$ 20.0 ,,,,
27 de octubre de 2025,,GERSSON L9,,Card charge (MANYCHAT.COM),MANYCHAT,,,,,,-$ 20.0 ,,,,
27 de octubre de 2025,,GERSSON L9,,Card charge (MANYCHAT.COM),MANYCHAT,,,,,,-$ 20.0 ,,,,
27 de octubre de 2025,,GERSSON L9,,Card charge (MANYCHAT.COM),MANYCHAT,,,,,,-$ 20.0 ,,,,
27 de octubre de 2025,,GERSSON L9,,Card charge (MANYCHAT.COM),MANYCHAT,,,,,,-$ 20.0 ,,,,
27 de octubre de 2025,,GERSSON L9,,Card charge (MANYCHAT.COM),MANYCHAT,,,,,,-$ 20.0 ,,,,
27 de octubre de 2025,,GERSSON L9,,Card charge (MANYCHAT.COM),MANYCHAT,,,,,,-$ 20.0 ,,,,
27 de octubre de 2025,,GERSSON L9,,Card charge (MANYCHAT.COM),MANYCHAT,,,,,,-$ 20.0 ,,,,
27 de octubre de 2025,,GERSSON L9,,Card charge (MANYCHAT.COM),MANYCHAT,,,,,,-$ 20.0 ,,,,
27 de octubre de 2025,,GERSSON L9,,Card charge (MANYCHAT.COM),MANYCHAT,,,,,,-$ 20.0 ,,,,
27 de octubre de 2025,,GERSSON L9,,Card charge (MANYCHAT.COM),MANYCHAT,,,,,,-$ 20.0 ,,,,
27 de octubre de 2025,,GERSSON L9,,Card charge (MANYCHAT.COM),MANYCHAT,,,,,,-$ 20.0 ,,,,
27 de octubre de 2025,,GERSSON L9,,Card charge (MANYCHAT.COM),MANYCHAT,,,,,,-$ 20.0 ,,,,
27 de octubre de 2025,,GERSSON L9,,Card charge (MANYCHAT.COM),MANYCHAT,,,,,,-$ 20.0 ,,,,
27 de octubre de 2025,,GERSSON L9,,Card charge (MANYCHAT.COM),MANYCHAT,,,,,,-$ 20.0 ,,,,
27 de octubre de 2025,,GERSSON L9,,Card charge (MANYCHAT.COM),MANYCHAT,,,,,,-$ 20.0 ,,,,
27 de octubre de 2025,,GERSSON L9,,Card charge (MANYCHAT.COM),MANYCHAT,,,,,,-$ 20.0 ,,,,
27 de octubre de 2025,,GERSSON L9,,Card charge (MANYCHAT.COM),MANYCHAT,,,,,,-$ 20.0 ,,,,
27 de octubre de 2025,,GERSSON L9,,Card charge (MANYCHAT.COM),MANYCHAT,,,,,,-$ 20.0 ,,,,
27 de octubre de 2025,,GERSSON L9,,Card charge (MANYCHAT.COM),MANYCHAT,,,,,,-$ 20.0 ,,,,
27 de octubre de 2025,,GERSSON L9,,Card charge (MANYCHAT.COM),MANYCHAT,,,,,,-$ 20.0 ,,,,
27 de octubre de 2025,,GERSSON L9,,Card charge (MANYCHAT.COM),MANYCHAT,,,,,,-$ 20.0 ,,,,
27 de octubre de 2025,,GERSSON L9,,Card charge (MANYCHAT.COM),MANYCHAT,,,,,,-$ 20.0 ,,,,
27 de octubre de 2025,,GERSSON L9,,Card charge (MANYCHAT.COM),MANYCHAT,,,,,,-$ 20.0 ,,,,
27 de octubre de 2025,,GERSSON L9,,Card charge (MANYCHAT.COM),MANYCHAT,,,,,,-$ 20.0 ,,,,
27 de octubre de 2025,,GERSSON L9,,Card charge (MANYCHAT.COM),MANYCHAT,,,,,,-$ 20.0 ,,,,
27 de octubre de 2025,,GERSSON L9,,Card charge (MANYCHAT.COM),MANYCHAT,,,,,,-$ 20.0 ,,,,
27 de octubre de 2025,,GERSSON L9,,Card charge (MANYCHAT.COM),MANYCHAT,,,,,,-$ 20.0 ,,,,
27 de octubre de 2025,,GERSSON L9,,Card charge (MANYCHAT.COM),MANYCHAT,,,,,,-$ 20.0 ,,,,
27 de octubre de 2025,,GERSSON L9,,Card charge (MANYCHAT.COM),MANYCHAT,,,,,,-$ 20.0 ,,,,
27 de octubre de 2025,,GERSSON L9,,Card charge (MANYCHAT.COM),MANYCHAT,,,,,,-$ 20.0 ,,,,
27 de octubre de 2025,,GERSSON L9,,Card charge (MANYCHAT.COM),MANYCHAT,,,,,,-$ 20.0 ,,,,
27 de octubre de 2025,,GERSSON L9,,Card charge (MANYCHAT.COM),MANYCHAT,,,,,,-$ 20.0 ,,,,
27 de octubre de 2025,,GERSSON L9,,Card charge (MANYCHAT.COM),MANYCHAT,,,,,,-$ 20.0 ,,,,
27 de octubre de 2025,,GERSSON L9,,Card charge (MANYCHAT.COM),MANYCHAT,,,,,,-$ 20.0 ,,,,
27 de octubre de 2025,,GERSSON L8,,VENTAS DEL 16 OCT AL 27 OCT,INGRESOS HOTMART,,,,," $ 1,937.0 ",,,,,
28 de octubre de 2025,,GERSSON L9,,Card charge (FACEBK *LMFRG493D2),FB ADS,,,,,,-$ 900.0 ,,,,
28 de octubre de 2025,,INFOPRODUCTOS X,,Card charge (FACEBK *RYCAS5D2X2),FB ADS,,,,,,-$ 37.0 ,,,,
28 de octubre de 2025,,INFOPRODUCTOS X,,Card charge (FACEBK *MZTRA39W22),FB ADS,,,,,,-$ 60.0 ,,,,
28 de octubre de 2025,,AGENCIA X,VPS PUNTAJE,Card charge (HOSTINGER* HOSTINGER.C),HOSTINGUER,,,,,,-$ 21.5 ,,,,
28 de octubre de 2025,,AGENCIA X,VPS ERP,Card charge (HOSTINGER* HOSTINGER.C),HOSTINGUER,,,,,,-$ 13.7 ,,,,
28 de octubre de 2025,,GERSSON L9,,Card charge (MANYCHAT.COM),MANYCHAT,,,,,,-$ 20.0 ,,,,
28 de octubre de 2025,,GERSSON L9,,Card charge (MANYCHAT.COM),MANYCHAT,,,,,,-$ 20.0 ,,,,
28 de octubre de 2025,,GERSSON L9,,Card charge (MANYCHAT.COM),MANYCHAT,,,,,,-$ 20.0 ,,,,
28 de octubre de 2025,,GERSSON L9,,Card charge (MANYCHAT.COM),MANYCHAT,,,,,,-$ 20.0 ,,,,
28 de octubre de 2025,,GERSSON L9,,Card charge (MANYCHAT.COM),MANYCHAT,,,,,,-$ 20.0 ,,,,
28 de octubre de 2025,,GERSSON L9,,Card charge (MANYCHAT.COM),MANYCHAT,,,,,,-$ 20.0 ,,,,
28 de octubre de 2025,,GERSSON L9,,Card charge (MANYCHAT.COM),MANYCHAT,,,,,,-$ 20.0 ,,,,
28 de octubre de 2025,,GERSSON L9,,Card charge (MANYCHAT.COM),MANYCHAT,,,,,,-$ 20.0 ,,,,
28 de octubre de 2025,,GERSSON L9,,Card charge (MANYCHAT.COM),MANYCHAT,,,,,,-$ 20.0 ,,,,
28 de octubre de 2025,,GERSSON L9,,Card charge (MANYCHAT.COM),MANYCHAT,,,,,,-$ 20.0 ,,,,
28 de octubre de 2025,,GERSSON L9,,Card charge (MANYCHAT.COM),MANYCHAT,,,,,,-$ 20.0 ,,,,
28 de octubre de 2025,,GERSSON L9,,Card charge (MANYCHAT.COM),MANYCHAT,,,,,,-$ 20.0 ,,,,
28 de octubre de 2025,,GERSSON L9,,Card charge (MANYCHAT.COM),MANYCHAT,,,,,,-$ 20.0 ,,,,
28 de octubre de 2025,,GERSSON L9,,Card charge (MANYCHAT.COM),MANYCHAT,,,,,,-$ 20.0 ,,,,
28 de octubre de 2025,,GERSSON L9,,Card charge (MANYCHAT.COM),MANYCHAT,,,,,,-$ 20.0 ,,,,
28 de octubre de 2025,,GERSSON L9,,Card charge (MANYCHAT.COM),MANYCHAT,,,,,,-$ 20.0 ,,,,
28 de octubre de 2025,,GERSSON L9,,Card charge (MANYCHAT.COM),MANYCHAT,,,,,,-$ 20.0 ,,,,
28 de octubre de 2025,,GERSSON L9,,Card charge (MANYCHAT.COM),MANYCHAT,,,,,,-$ 20.0 ,,,,
28 de octubre de 2025,,GERSSON L9,,Card charge (MANYCHAT.COM),MANYCHAT,,,,,,-$ 20.0 ,,,,
28 de octubre de 2025,,GERSSON L9,,Card charge (MANYCHAT.COM),MANYCHAT,,,,,,-$ 20.0 ,,,,
28 de octubre de 2025,,,,,,,,,,,,,,,
28 de octubre de 2025,,GERSSON L9,,Card charge (MANYCHAT.COM),MANYCHAT,,,,,,-$ 20.0 ,,,,
28 de octubre de 2025,,GERSSON L9,,Card charge (MANYCHAT.COM),MANYCHAT,,,,,,-$ 20.0 ,,,,
29 de octubre de 2025,,INFOPRODUCTOS X,,Card charge (FACEBK *7M2UX5M2X2),FB ADS,,,,,,-$ 100.0 ,,,,
29 de octubre de 2025,,INFOPRODUCTOS X,,Card charge (FACEBK *KH8SU3VV22),FB ADS,,,,,,-$ 60.0 ,,,,
29 de octubre de 2025,,INFOPRODUCTOS X,,Card charge (FACEBK *45CDJ652X2),FB ADS,,,,,,-$ 41.0 ,,,,
29 de octubre de 2025,,GERSSON L9,,Card charge (MANYCHAT.COM),MANYCHAT,,,,,,-$ 20.0 ,,,,
29 de octubre de 2025,,GERSSON L9,,Card charge (MANYCHAT.COM),MANYCHAT,,,,,,-$ 20.0 ,,,,
29 de octubre de 2025,,GERSSON L9,,Card charge (MANYCHAT.COM),MANYCHAT,,,,,,-$ 20.0 ,,,,
29 de octubre de 2025,,GERSSON L9,,Card charge (MANYCHAT.COM),MANYCHAT,,,,,,-$ 20.0 ,,,,
29 de octubre de 2025,,GERSSON L9,,Card charge (MANYCHAT.COM),MANYCHAT,,,,,,-$ 20.0 ,,,,
29 de octubre de 2025,,GERSSON L9,,Card charge (MANYCHAT.COM),MANYCHAT,,,,,,-$ 20.0 ,,,,
29 de octubre de 2025,,GERSSON L9,,Card charge (MANYCHAT.COM),MANYCHAT,,,,,,-$ 20.0 ,,,,
29 de octubre de 2025,,GERSSON L9,,Card charge (MANYCHAT.COM),MANYCHAT,,,,,,-$ 20.0 ,,,,
29 de octubre de 2025,,GERSSON L9,,Card charge (MANYCHAT.COM),MANYCHAT,,,,,,-$ 20.0 ,,,,
29 de octubre de 2025,,GERSSON L9,,Card charge (MANYCHAT.COM),MANYCHAT,,,,,,-$ 20.0 ,,,,
29 de octubre de 2025,,GERSSON L9,,Card charge (MANYCHAT.COM),MANYCHAT,,,,,,-$ 20.0 ,,,,
29 de octubre de 2025,,GERSSON L9,,Card charge (MANYCHAT.COM),MANYCHAT,,,,,,-$ 20.0 ,,,,
29 de octubre de 2025,,GERSSON L9,,Card charge (MANYCHAT.COM),MANYCHAT,,,,,,-$ 20.0 ,,,,
29 de octubre de 2025,,GERSSON L9,,Card charge (MANYCHAT.COM),MANYCHAT,,,,,,-$ 20.0 ,,,,
29 de octubre de 2025,,GERSSON L9,,Card charge (MANYCHAT.COM),MANYCHAT,,,,,,-$ 20.0 ,,,,
29 de octubre de 2025,,GERSSON L9,,Card charge (MANYCHAT.COM),MANYCHAT,,,,,,-$ 20.0 ,,,,
29 de octubre de 2025,,GERSSON L9,,Card charge (MANYCHAT.COM),MANYCHAT,,,,,,-$ 20.0 ,,,,
29 de octubre de 2025,,GERSSON L9,,Card charge (MANYCHAT.COM),MANYCHAT,,,,,,-$ 20.0 ,,,,
29 de octubre de 2025,,GERSSON L9,,Card charge (MANYCHAT.COM),MANYCHAT,,,,,,-$ 20.0 ,,,,
29 de octubre de 2025,,GERSSON L9,,Card charge (MANYCHAT.COM),MANYCHAT,,,,,,-$ 20.0 ,,,,
29 de octubre de 2025,,GERSSON L9,,Card charge (MANYCHAT.COM),MANYCHAT,,,,,,-$ 20.0 ,,,,
29 de octubre de 2025,,GERSSON L9,,Card charge (MANYCHAT.COM),MANYCHAT,,,,,,-$ 20.0 ,,,,
29 de octubre de 2025,,GERSSON L9,,Card charge (MANYCHAT.COM),MANYCHAT,,,,,,-$ 20.0 ,,,,
29 de octubre de 2025,,GERSSON L9,,Card charge (MANYCHAT.COM),MANYCHAT,,,,,,-$ 20.0 ,,,,
29 de octubre de 2025,,GERSSON L9,,Card charge (MANYCHAT.COM),MANYCHAT,,,,,,-$ 20.0 ,,,,
29 de octubre de 2025,,GERSSON L9,,Card charge (MANYCHAT.COM),MANYCHAT,,,,,,-$ 20.0 ,,,,
29 de octubre de 2025,,GERSSON L9,,Card charge (MANYCHAT.COM),MANYCHAT,,,,,,-$ 20.0 ,,,,
29 de octubre de 2025,,GERSSON L9,,Card charge (MANYCHAT.COM),MANYCHAT,,,,,,-$ 20.0 ,,,,
30 de octubre de 2025,,INFOPRODUCTOS X,,Card charge (FACEBK *6ZRHX3VV22),FB ADS,,,,,,-$ 60.0 ,,,,
30 de octubre de 2025,,INFOPRODUCTOS X,,Card charge (FACEBK *MBNP23HW22),FB ADS,,,,,,-$ 60.0 ,,,,
30 de octubre de 2025,,GERSSON L9,,Card charge (FACEBK *WKW9Y4D3D2),FB ADS,,,,,,-$ 900.0 ,,,,
30 de octubre de 2025,,GERSSON L9,,Card charge (MANYCHAT.COM),MANYCHAT,,,,,,-$ 20.0 ,,,,
30 de octubre de 2025,,GERSSON L9,,Card charge (MANYCHAT.COM),MANYCHAT,,,,,,-$ 20.0 ,,,,
30 de octubre de 2025,,GERSSON L9,,Card charge (MANYCHAT.COM),MANYCHAT,,,,,,-$ 20.0 ,,,,
30 de octubre de 2025,,GERSSON L9,,Card charge (MANYCHAT.COM),MANYCHAT,,,,,,-$ 20.0 ,,,,
30 de octubre de 2025,,GERSSON L9,,Card charge (MANYCHAT.COM),MANYCHAT,,,,,,-$ 20.0 ,,,,
30 de octubre de 2025,,GERSSON L9,,Card charge (MANYCHAT.COM),MANYCHAT,,,,,,-$ 20.0 ,,,,
30 de octubre de 2025,,GERSSON L9,,Card charge (MANYCHAT.COM),MANYCHAT,,,,,,-$ 20.0 ,,,,
30 de octubre de 2025,,GERSSON L9,,Card charge (MANYCHAT.COM),MANYCHAT,,,,,,-$ 20.0 ,,,,
30 de octubre de 2025,,GERSSON L9,,Card charge (MANYCHAT.COM),MANYCHAT,,,,,,-$ 20.0 ,,,,
30 de octubre de 2025,,GERSSON L9,,Card charge (MANYCHAT.COM),MANYCHAT,,,,,,-$ 20.0 ,,,,
30 de octubre de 2025,,GERSSON L9,,Card charge (MANYCHAT.COM),MANYCHAT,,,,,,-$ 20.0 ,,,,
30 de octubre de 2025,,GERSSON L9,,Card charge (MANYCHAT.COM),MANYCHAT,,,,,,-$ 20.0 ,,,,
30 de octubre de 2025,,GERSSON L9,,Card charge (MANYCHAT.COM),MANYCHAT,,,,,,-$ 20.0 ,,,,
30 de octubre de 2025,,GERSSON L9,,Card charge (MANYCHAT.COM),MANYCHAT,,,,,,-$ 20.0 ,,,,
30 de octubre de 2025,,GERSSON L9,,Card charge (MANYCHAT.COM),MANYCHAT,,,,,,-$ 20.0 ,,,,
30 de octubre de 2025,,GERSSON L9,,Card charge (MANYCHAT.COM),MANYCHAT,,,,,,-$ 20.0 ,,,,
30 de octubre de 2025,,GERSSON L9,,Card charge (MANYCHAT.COM),MANYCHAT,,,,,,-$ 20.0 ,,,,
30 de octubre de 2025,,GERSSON L9,,Card charge (MANYCHAT.COM),MANYCHAT,,,,,,-$ 20.0 ,,,,
30 de octubre de 2025,,GERSSON L9,,Card charge (MANYCHAT.COM),MANYCHAT,,,,,,-$ 20.0 ,,,,
30 de octubre de 2025,,GERSSON L9,,Card charge (MANYCHAT.COM),MANYCHAT,,,,,,-$ 20.0 ,,,,
30 de octubre de 2025,,GERSSON L9,,Card charge (MANYCHAT.COM),MANYCHAT,,,,,,-$ 20.0 ,,,,
30 de octubre de 2025,,GERSSON L9,,Card charge (MANYCHAT.COM),MANYCHAT,,,,,,-$ 20.0 ,,,,
30 de octubre de 2025,,GERSSON L9,,Card charge (MANYCHAT.COM),MANYCHAT,,,,,,-$ 20.0 ,,,,
30 de octubre de 2025,,GERSSON L9,,Card charge (MANYCHAT.COM),MANYCHAT,,,,,,-$ 20.0 ,,,,
30 de octubre de 2025,,GERSSON L9,,Card charge (MANYCHAT.COM),MANYCHAT,,,,,,-$ 20.0 ,,,,
30 de octubre de 2025,,GERSSON L9,,Card charge (MANYCHAT.COM),MANYCHAT,,,,,,-$ 20.0 ,,,,
30 de octubre de 2025,,GERSSON L9,,Card charge (MANYCHAT.COM),MANYCHAT,,,,,,-$ 20.0 ,,,,
30 de octubre de 2025,,GERSSON L9,,Card charge (MANYCHAT.COM),MANYCHAT,,,,,,-$ 20.0 ,,,,
30 de octubre de 2025,,GERSSON L9,,Card charge (MANYCHAT.COM),MANYCHAT,,,,,,-$ 20.0 ,,,,
30 de octubre de 2025,,GERSSON L9,,Card charge (MANYCHAT.COM),MANYCHAT,,,,,,-$ 20.0 ,,,,
30 de octubre de 2025,,GERSSON L9,,Card charge (MANYCHAT.COM),MANYCHAT,,,,,,-$ 20.0 ,,,,
30 de octubre de 2025,,GERSSON L9,,Card charge (MANYCHAT.COM),MANYCHAT,,,,,,-$ 20.0 ,,,,
30 de octubre de 2025,,GERSSON L9,,Card charge (MANYCHAT.COM),MANYCHAT,,,,,,-$ 20.0 ,,,,
30 de octubre de 2025,,GERSSON L9,,Card charge (MANYCHAT.COM),MANYCHAT,,,,,,-$ 20.0 ,,,,
30 de octubre de 2025,,GERSSON L9,,Card charge (MANYCHAT.COM),MANYCHAT,,,,,,-$ 20.0 ,,,,
30 de octubre de 2025,,GERSSON L9,,Card charge (MANYCHAT.COM),MANYCHAT,,,,,,-$ 20.0 ,,,,
30 de octubre de 2025,,GERSSON L9,,Card charge (MANYCHAT.COM),MANYCHAT,,,,,,-$ 20.0 ,,,,
30 de octubre de 2025,,GERSSON L9,,Card charge (MANYCHAT.COM),MANYCHAT,,,,,,-$ 20.0 ,,,,
30 de octubre de 2025,,GERSSON L9,,Card charge (MANYCHAT.COM),MANYCHAT,,,,,,-$ 20.0 ,,,,
30 de octubre de 2025,,GERSSON L9,,Card charge (MANYCHAT.COM),MANYCHAT,,,,,,-$ 20.0 ,,,,
30 de octubre de 2025,,GERSSON L9,,Card charge (MANYCHAT.COM),MANYCHAT,,,,,,-$ 20.0 ,,,,
30 de octubre de 2025,,GERSSON L9,,Card charge (MANYCHAT.COM),MANYCHAT,,,,,,-$ 20.0 ,,,,
30 de octubre de 2025,,GERSSON L9,,Card charge (MANYCHAT.COM),MANYCHAT,,,,,,-$ 20.0 ,,,,
30 de octubre de 2025,,GERSSON L9,,Card charge (MANYCHAT.COM),MANYCHAT,,,,,,-$ 20.0 ,,,,
30 de octubre de 2025,,GERSSON L9,,Card charge (MANYCHAT.COM),MANYCHAT,,,,,,-$ 20.0 ,,,,
30 de octubre de 2025,,GERSSON L9,,Card charge (MANYCHAT.COM),MANYCHAT,,,,,,-$ 20.0 ,,,,
30 de octubre de 2025,,GERSSON L9,,Card charge (MANYCHAT.COM),MANYCHAT,,,,,,-$ 20.0 ,,,,
30 de octubre de 2025,,GERSSON L9,,Card charge (MANYCHAT.COM),MANYCHAT,,,,,,-$ 20.0 ,,,,
30 de octubre de 2025,,GERSSON L9,,Card charge (MANYCHAT.COM),MANYCHAT,,,,,,-$ 20.0 ,,,,
30 de octubre de 2025,,GERSSON L9,,Card charge (MANYCHAT.COM),MANYCHAT,,,,,,-$ 20.0 ,,,,
30 de octubre de 2025,,GERSSON L9,,Card charge (MANYCHAT.COM),MANYCHAT,,,,,,-$ 20.0 ,,,,
30 de octubre de 2025,,GERSSON L9,,Card charge (MANYCHAT.COM),MANYCHAT,,,,,,-$ 20.0 ,,,,
30 de octubre de 2025,,ADRIANA,,VENTAS OCTUBRE ADRI,INGRESOS HOTMART,," $ 1,749.0 ",,,,,,,,
31 de octubre de 2025,,INFOPRODUCTOS X,,VENTAS OCTUBRE,INGRESOS HOTMART,,,,," $ 4,090.0 ",,,,,
31 de octubre de 2025,,INFOPRODUCTOS X,,Card charge (FACEBK *Y4T826D2X2),FB ADS,,,,,,-$ 45.0 ,,,,
31 de octubre de 2025,,GERSSON L9,,Card charge (FACEBK *VXWPP6V3D2),FB ADS,,,,,,-$ 900.0 ,,,,
31 de octubre de 2025,,GERSSON L9,,Card charge (MANYCHAT.COM),MANYCHAT,,,,,,-$ 20.0 ,,,,
1 de noviembre de 2025,,INFOPRODUCTOS X,,Card charge (FACEBK *HWQN73HW22),FB ADS,,,,,,-$ 60.0 ,,,,
1 de noviembre de 2025,,GERSSON L9,,Card charge (FACEBK *8L9ZS6V3D2),FB ADS,,,,,,-$ 900.0 ,,,,
1 de noviembre de 2025,,INFOPRODUCTOS X,,Card charge (FACEBK *BRQ9Y3RW22),FB ADS,,,,,,-$ 60.0 ,,,,
1 de noviembre de 2025,,INFOPRODUCTOS X,,Card charge (FACEBK *H7EK935W22),FB ADS,,,,,,-$ 60.0 ,,,,
1 de noviembre de 2025,,AGENCIA X,DOMINIO,Card charge (GOOGLE *GSUITE_automsc),DOMINIO,,,,,,-$ 12.0 ,,,,
2 de noviembre de 2025,,GERSSON L9,,Card charge (FACEBK *UN2CB5D3D2),FB ADS,,,,,,-$ 900.0 ,,,,
2 de noviembre de 2025,,GERSSON L9,,Card charge (FACEBK *JTV8W493D2),FB ADS,,,,,,-$ 900.0 ,,,,
2 de noviembre de 2025,,INFOPRODUCTOS X,,Card charge (FACEBK *48M4G35W22),FB ADS,,,,,,-$ 60.0 ,,,,
2 de noviembre de 2025,,INFOPRODUCTOS X,,Card charge (FACEBK *6X3KQ39W22),FB ADS,,,,,,-$ 60.0 ,,,,
2 de noviembre de 2025,,INFOPRODUCTOS X,,Card charge (FACEBK *YMHES5VZW2),FB ADS,,,,,,-$ 49.0 ,,,,
2 de noviembre de 2025,,INFOPRODUCTOS X,,Card charge (FACEBK *BCTN66D2X2),FB ADS,,,,,,-$ 100.0 ,,,,
2 de noviembre de 2025,,GERSSON L9,,Card charge (MANYCHAT.COM),MANYCHAT,,,,,,-$ 20.0 ,,,,
2 de noviembre de 2025,,GERSSON L9,,Card charge (MANYCHAT.COM),MANYCHAT,,,,,,-$ 20.0 ,,,,
2 de noviembre de 2025,,GERSSON L9,,Card charge (MANYCHAT.COM),MANYCHAT,,,,,,-$ 20.0 ,,,,
2 de noviembre de 2025,,GERSSON L9,,Card charge (MANYCHAT.COM),MANYCHAT,,,,,,-$ 20.0 ,,,,
2 de noviembre de 2025,,GERSSON L9,,Card charge (MANYCHAT.COM),MANYCHAT,,,,,,-$ 20.0 ,,,,
2 de noviembre de 2025,,GERSSON L9,,Card charge (MANYCHAT.COM),MANYCHAT,,,,,,-$ 20.0 ,,,,
2 de noviembre de 2025,,AGENCIA X,,Consumo con la tarjeta (DLO*GOOGLE Google One),GOOGLE ONE,,,,,,-$ 30.0 ,,,,
3 de noviembre de 2025,,INFOPRODUCTOS X,,Card charge (FACEBK *BX6GC6M2X2),FB ADS,,,,,,-$ 5.2 ,,,,
3 de noviembre de 2025,,AGENCIA X,NOMINA NOVIEMBRE,Payment to Regent Bank (7498),NOMINA,,,,,,"-$ 3,500.0 ",,,,
3 de noviembre de 2025,,GERSSON L9,,Card charge (MANYCHAT.COM),MANYCHAT,,,,,,-$ 20.0 ,,,,
3 de noviembre de 2025,,INFOPRODUCTOS X,,Card charge (FACEBK *H59AD6M2X2),FB ADS,,,,,,-$ 100.0 ,,,,
3 de noviembre de 2025,,INFOPRODUCTOS X,,Card charge (FACEBK *4N7593ZV22),FB ADS,,,,,,-$ 60.0 ,,,,
3 de noviembre de 2025,,GERSSON L9,,Consumo con la tarjeta (HOTMART),SENDFLOW,,,,,,-$ 100.0 ,,,,
3 de noviembre de 2025,,FONDO LIBRE,,"REPARTICIÓN SANTIAGO (28,66%)",REPARTO UTILIDADES SOCIOS,,,,,,"-$ 14,851.0 ",,,,
3 de noviembre de 2025,,FONDO LIBRE,,"REPARTICIÓN FRAN (28,66%)",REPARTO UTILIDADES SOCIOS,,,,,,"-$ 14,851.0 ",,,,
3 de noviembre de 2025,,FONDO LIBRE,,"REPARTICIÓN JUANCA (28,66%)",REPARTO UTILIDADES SOCIOS,,"-$ 14,851.0 ",,,,,,,,
3 de noviembre de 2025,,AGENCIA X,NOMINA NOVIEMBRE,AJUSTE PAGO NOMINA,NOMINA,,,,,,-$ 70.0 ,,,,
3 de noviembre de 2025,,AGENCIA X,,Card charge (CLAUDE.AI SUBSCRIPTION),CLAUDE,,,,,,-$ 20.0 ,,,,
3 de noviembre de 2025,,GERSSON L9,,Card charge (FACEBK *3J7DD5D3D2),FB ADS,,,,,,-$ 680.4 ,,,,
4 de noviembre de 2025,,INFOPRODUCTOS X,,Card charge (FACEBK *V6SBG7R2X2),FB ADS,,,,,,-$ 54.0 ,,,,
4 de noviembre de 2025,,INFOPRODUCTOS X,,Card charge (FACEBK *GL7YD4VW22),FB ADS,,,,,,-$ 60.0 ,,,,
4 de noviembre de 2025,,INFOPRODUCTOS X,,Card charge (FACEBK *BSL7U5ZZW2),FB ADS,,,,,,-$ 100.0 ,,,,
5 de noviembre de 2025,,GERSSON L9,HOSTING,Card charge (HOSTINGER* HOSTINGER.C),HOSTINGUER,,,,,,-$ 14.7 ,,,,
5 de noviembre de 2025,,AGENCIA X,,Card charge (HOTMART*DL),HOSTINGUER,,,,,,-$ 11.3 ,,,,
6 de noviembre de 2025,,INFOPRODUCTOS X,,Card charge (FACEBK *LHMPN7R2X2),FB ADS,,,,,,-$ 25.7 ,,,,
6 de noviembre de 2025,,INFOPRODUCTOS X,,Card charge (FACEBK *TDNCC4DW22),FB ADS,,,,,,-$ 60.0 ,,,,
6 de noviembre de 2025,,INFOPRODUCTOS X,,Card charge (FACEBK *K8TDJ4VW22),FB ADS,,,,,,-$ 60.0 ,,,,
6 de noviembre de 2025,,AGENCIA X,,Card charge (HOTMART),SENDFLOW,,,,,,-$ 99.0 ,,,,
6 de noviembre de 2025,,INFOPRODUCTOS X,,Card charge (FACEBK *3DWFM6M2X2),FB ADS,,,,,,-$ 100.0 ,,,,
7 de noviembre de 2025,,AGENCIA X,,Payment to Elevatech LLC,MENTORIA JUANITA,,,,,,"-$ 3,997.0 ",,,,
7 de noviembre de 2025,,GERSSON L9,,Card charge (MANYCHAT.COM),MANYCHAT,,,,,,-$ 419.5 ,,,,
8 de noviembre de 2025,,INFOPRODUCTOS X,,Card charge (FACEBK *PAEXH4DW22),FB ADS,,,,,,-$ 60.0 ,,,,
8 de noviembre de 2025,,INFOPRODUCTOS X,,Card charge (FACEBK *7Y4FF3MW22),FB ADS,,,,,,-$ 60.0 ,,,,
8 de noviembre de 2025,,INFOPRODUCTOS X,,Card charge (FACEBK *LX4DR3HW22),FB ADS,,,,,,-$ 60.0 ,,,,
8 de noviembre de 2025,,GERSSON L9,VPS N8N,Card charge (hostinger.com),HOSTINGUER,,,,,,-$ 15.7 ,,,,
8 de noviembre de 2025,,AGENCIA X,,Card charge (PAYPAL *CAPCUT),CAPCUT,,,,,,-$ 16.6 ,,,,
9 de noviembre de 2025,,INFOPRODUCTOS X,,Card charge (FACEBK *UJKW345W22),FB ADS,,,,,,-$ 60.0 ,,,,
9 de noviembre de 2025,,AGENCIA X,,Card charge (STAPE  INC.),STAPE,,,,,,-$ 50.0 ,,,,
9 de noviembre de 2025,,GERSSON L9,EASYPANEL,Card charge (hostinger.com),HOSTINGUER,,,,,,-$ 65.5 ,,,,
10 de noviembre de 2025,,INFOPRODUCTOS X,,Card charge (FACEBK *LMVKP4DW22),FB ADS,,,,,,-$ 60.0 ,,,,
10 de noviembre de 2025,,INFOPRODUCTOS X,,Card charge (FACEBK *NECGX5H2X2),FB ADS,,,,,,-$ 100.0 ,,,,
11 de noviembre de 2025,,INFOPRODUCTOS X,,Card charge (FACEBK *TJ54S4DW22),FB ADS,,,,,,-$ 60.0 ,,,,
12 de noviembre de 2025,,INFOPRODUCTOS X,,Card charge (FACEBK *8XY755VV22),FB ADS,,,,,,-$ 60.0 ,,,,
12 de noviembre de 2025,,INFOPRODUCTOS X,,Card charge (FACEBK *ERJNM49W22),FB ADS,,,,,,-$ 60.0 ,,,,
12 de noviembre de 2025,,INFOPRODUCTOS X,,Card charge (FACEBK *JM6SM6ZPX2),FB ADS,,,,,,-$ 648.5 ,,,,
13 de noviembre de 2025,,INFOPRODUCTOS X,,Card charge (FACEBK *VKHUT752X2),FB ADS,,,,,,-$ 59.0 ,,,,
13 de noviembre de 2025,,INFOPRODUCTOS X,,Card charge (FACEBK *3TK5R49W22),FB ADS,,,,,,-$ 60.0 ,,,,
14 de noviembre de 2025,,HOTMART,,Payment from Hotmart,RETIRO HOTMART,,,,,"-$ 6,997.0 "," $ 6,997.0 ",,,,
15 de noviembre de 2025,,INFOPRODUCTOS X,,Card charge (FACEBK *PFNP94ZV22),FB ADS,,,,,,-$ 60.0 ,,,,
15 de noviembre de 2025,,INFOPRODUCTOS X,,Card charge (FACEBK *AWGWB4HW22),FB ADS,,,,,,-$ 60.0 ,,,,
15 de noviembre de 2025,,GERSSON BLACKFRIDAY,,Card charge (FACEBK *EDT928V3D2),FB ADS,,,,,,-$ 603.4 ,,,,
16 de noviembre de 2025,,INFOPRODUCTOS X,,Card charge (FACEBK *3TBLD4ZV22),FB ADS,,,,,,-$ 60.0 ,,,,
16 de noviembre de 2025,,INFOPRODUCTOS X,,Card charge (FACEBK *HPD9E5VV22),FB ADS,,,,,,-$ 60.0 ,,,,
17 de noviembre de 2025,,HOTMART,,Payment from Hotmart,RETIRO HOTMART,,,,,"-$ 19,997.0 "," $ 19,997.0 ",,,,
17 de noviembre de 2025,,INFOPRODUCTOS X,,Card charge (FACEBK *Q7HQG5VV22),FB ADS,,,,,,-$ 7.3 ,,,,
18 de noviembre de 2025,,HOTMART,,Payment from Hotmart,RETIRO HOTMART,,,,,"-$ 17,997.0 "," $ 17,997.0 ",,,,
18 de noviembre de 2025,,INFOPRODUCTOS X,,Card charge (FACEBK *Q9K7C4MW22),FB ADS,,,,,,-$ 60.0 ,,,,
19 de noviembre de 2025,,INFOPRODUCTOS X,,Card charge (FACEBK *JA94959W22),FB ADS,,,,,,-$ 60.0 ,,,,
19 de noviembre de 2025,,GERSSON BLACKFRIDAY,,Card charge (FACEBK *349CC7V2D2),FB ADS,,,,,,-$ 900.0 ,,,,
20 de noviembre de 2025,,HOTMART,,Payment from Hotmart,RETIRO HOTMART,,,,,"-$ 9,758.3 "," $ 9,758.3 ",,,,
20 de noviembre de 2025,,INFOPRODUCTOS X,,Card charge (FACEBK *J7Y3T4HW22),FB ADS,,,,,,-$ 60.0 ,,,,
20 de noviembre de 2025,,INFOPRODUCTOS X,,Card charge (FACEBK *FF3CN5RW22),FB ADS,,,,,,-$ 60.0 ,,,,
21 de noviembre de 2025,,AGENCIA X,,Card charge (VANGUARD BUSINESS),CONTADORES LLC,,,,,,-$ 590.0 ,,,,
21 de noviembre de 2025,,INFOPRODUCTOS X,,Card charge (FACEBK *N9ZEV4HW22),FB ADS,,,,,,-$ 60.0 ,,,,
22 de noviembre de 2025,,INFOPRODUCTOS X,,Card charge (FACEBK *8JQEV4ZV22),FB ADS,,,,,,-$ 60.0 ,,,,
22 de noviembre de 2025,,INFOPRODUCTOS X,,Card charge (FACEBK *R8D9Q4MW22),FB ADS,,,,,,-$ 60.0 ,,,,
22 de noviembre de 2025,,INFOPRODUCTOS X,,Card charge (FACEBK *Q6D2U4ZV22),FB ADS,,,,,,-$ 60.0 ,,,,
22 de noviembre de 2025,,INFOPRODUCTOS X,,Card charge (FACEBK *SLL4T4ZV22),FB ADS,,,,,,-$ 60.0 ,,,,
22 de noviembre de 2025,,INFOPRODUCTOS X,,Card charge (FACEBK *DR3NM5DW22),FB ADS,,,,,,-$ 60.0 ,,,,
22 de noviembre de 2025,,INFOPRODUCTOS X,,Card charge (FACEBK *ACNM355W22),FB ADS,,,,,,-$ 60.0 ,,,,
23 de noviembre de 2025,,AGENCIA X,,Card charge (PANDAVIDEO.COM),PANDAVIDEO,,,,,,-$ 37.9 ,,,,
23 de noviembre de 2025,,INFOPRODUCTOS X,,Card charge (FACEBK *SXNUY5VV22),FB ADS,,,,,,-$ 60.0 ,,,,
24 de noviembre de 2025,,AGENCIA X,,Card charge (STREAMYARD.COM),STREAMYARD,,,,,,-$ 89.0 ,,,,
24 de noviembre de 2025,,INFOPRODUCTOS X,,Card charge (FACEBK *YS3HU5DW22),FB ADS,,,,,,-$ 60.0 ,,,,
26 de noviembre de 2025,,AGENCIA X,,Card charge (WWW.ARTLIST.IO),ARLIST IA,,,,,,-$ 40.0 ,,,,
26 de noviembre de 2025,,INFOPRODUCTOS X,,Card charge (FACEBK *RUYRY4MW22),FB ADS,,,,,,-$ 60.0 ,,,,
27 de noviembre de 2025,,AGENCIA X,,Payment from Hotmart,RETIRO HOTMART,,,,,"-$ 4,497.0 "," $ 4,497.0 ",,,,
27 de noviembre de 2025,,GERSSON BLACKFRIDAY,,Card charge (FACEBK *49G4M753D2),FB ADS,,,,,,-$ 900.0 ,,,,
27 de noviembre de 2025,,INFOPRODUCTOS X,,Card charge (FACEBK *WBSK45MW22),FB ADS,,,,,,-$ 60.0 ,,,,
27 de noviembre de 2025,,INFOPRODUCTOS X,,Card charge (FACEBK *KRKP96VV22),FB ADS,,,,,,-$ 60.0 ,,,,
27 de noviembre de 2025,,AGENCIA X,VPS PUNTAJE,Card charge (HOSTINGER),HOSTINGUER,,,,,,-$ 13.9 ,,,,
28 de noviembre de 2025,,ADRIANA,,VENTAS AL 30 NOV,INGRESOS HOTMART,," $ 2,454.0 ",,,,,,,,
28 de noviembre de 2025,,GERSSON VENTA DIRECTA,,VENTAS DEL 4 AL 28 NOV,INGRESOS HOTMART,,,,," $ 2,008.0 ",,,,,
29 de noviembre de 2025,,AGENCIA X,,Card charge (DLO*Hotmart),CURSO HOTMART,,,,,,-$ 30.1 ,,,,
29 de noviembre de 2025,,AGENCIA X,HOSTING,Card charge (HOSTINGER* HOSTINGER.C),HOSTINGUER,,,,,,-$ 21.9 ,,,,
29 de noviembre de 2025,,AGENCIA X,HOSTING,Card charge (HOSTINGER* HOSTINGER.C),HOSTINGUER,,,,,,-$ 14.0 ,,,,
29 de noviembre de 2025,,INFOPRODUCTOS X,,Card charge (FACEBK *9FLLF5HW22),FB ADS,,,,,,-$ 60.0 ,,,,
29 de noviembre de 2025,,INFOPRODUCTOS X,,Card charge (FACEBK *6R6UB6VW22),FB ADS,,,,,,-$ 60.0 ,,,,
29 de noviembre de 2025,,INFOPRODUCTOS X,,Card charge (FACEBK *764YY59W22),FB ADS,,,,,,-$ 60.0 ,,,,
29 de noviembre de 2025,,INFOPRODUCTOS X,,Card charge (FACEBK *6FYGB6RW22),FB ADS,,,,,,-$ 60.0 ,,,,
30 de noviembre de 2025,,INFOPRODUCTOS X,,VENTAS HASTA EL 30 NOV,INGRESOS HOTMART,,,,," $ 3,735.4 ",,,,,
30 de noviembre de 2025,,GERSSON BLACKFRIDAY,,VENTAS AL 30 NOV,INGRESOS HOTMART,,,,," $ 7,394.0 ",,,,,
30 de noviembre de 2025,,GERSSON L9,,VENTAS 27 OCT AL 30 NOV,INGRESOS HOTMART,," $ 4,390.0 ",,," $ 54,554.0 ",,,,,
30 de noviembre de 2025,,TERENCE,,VENTAS AL 30 NOV,INGRESOS HOTMART,,,,," $ 2,004.0 ",,,,,
30 de noviembre de 2025,SALIDA CONTABLE,GERSSON L9,,TRASLADO UTILIDADES,TRASLADO UTILIDADES,"-$ 33,213.0 ",,,,,,,,,
30 de noviembre de 2025,SALIDA CONTABLE,GERSSON BLACKFRIDAY,,TRASLADO UTILIDADES,TRASLADO UTILIDADES,"-$ 4,991.0 ",,,,,,,,,
30 de noviembre de 2025,SALIDA CONTABLE,GERSSON VENTA DIRECTA,,TRASLADO UTILIDADES,TRASLADO UTILIDADES,"-$ 1,937.0 ",,,,,,,,,
30 de noviembre de 2025,SALIDA CONTABLE,GERSSON L8,,TRASLADO UTILIDADES,TRASLADO UTILIDADES,"-$ 1,950.0 ",,,,,,,,,
30 de noviembre de 2025,SALIDA CONTABLE,ADRIANA,,TRASLADO UTILIDADES,TRASLADO UTILIDADES,"-$ 2,033.0 ",,,,,,,,,
30 de noviembre de 2025,SALIDA CONTABLE,TERENCE,,TRASLADO UTILIDADES,TRASLADO UTILIDADES,"-$ 1,000.0 ",,,,,,,,,
30 de noviembre de 2025,SALIDA CONTABLE,INFOPRODUCTOS X,,TRASLADO UTILIDADES,TRASLADO UTILIDADES,-$ 457.0 ,,,,,,,,,
30 de noviembre de 2025,INGRESO CONTABLE,AGENCIA X,,TRASLADO EXCEDENTE PARA REPARTIR,TRASLADO UTILIDADES," $ 45,581.0 ",,,,,,,,,
30 de noviembre de 2025,,INFOPRODUCTOS X,,Card charge (FACEBK *YQRG269W22),FB ADS,,,,,,-$ 60.0 ,,,,
30 de noviembre de 2025,,INFOPRODUCTOS X,,Card charge (FACEBK *TTMDE6RW22),FB ADS,,,,,,-$ 60.0 ,,,,
30 de noviembre de 2025,,GERSSON VENTA DIRECTA,,Card charge (FACEBK *4LKMS85QX2),FB ADS,,,,,,-$ 826.3 ,,,,
30 de noviembre de 2025,,INFOPRODUCTOS X,,Card charge (FACEBK *2NS76952X2),FB ADS,,,,,,-$ 71.4 ,,,,
1 de diciembre de 2025,,AGENCIA X,,NOMINA DICIEMBRE,NOMINA,,,,,,"-$ 4,225.0 ",,,,
1 de diciembre de 2025,SALIDA CONTABLE,AGENCIA X,,TRASLADO UTILIDADES,TRASLADO UTILIDADES,"-$ 33,552.0 ",,,,,,,,,
1 de diciembre de 2025,INGRESO CONTABLE,FONDO LIBRE,,TRASLADO UTILIDADES,TRASLADO UTILIDADES," $ 33,552.0 ",,,,,,,,,
1 de diciembre de 2025,,FONDO LIBRE,,REPARTICIÓN DANIEL MARTINEZ (14%),REPARTO UTILIDADES SOCIOS,,,,,,"-$ 4,697.0 ",,,,
1 de diciembre de 2025,,FONDO LIBRE,,"REPARTICIÓN FRANCISCO GONZALEZ (28,66%)",REPARTO UTILIDADES SOCIOS,,,,,,"-$ 9,618.0 ",,,,
1 de diciembre de 2025,,FONDO LIBRE,,"REPARTICIÓN JUAN CARLOS BARROS (28,66%)",REPARTO UTILIDADES SOCIOS,,"-$ 9,618.0 ",,,,,,,,
1 de diciembre de 2025,,FONDO LIBRE,,"REPARTICIÓN SANTIAGO (28,66%)",REPARTO UTILIDADES SOCIOS,,,,,,"-$ 9,618.0 ",,,,
1 de diciembre de 2025,,GERSSON BLACK 25,,Card charge (FACEBK *NNMJP7H3D2),FB ADS,,,,,,-$ 141.7 ,,,,
1 de diciembre de 2025,,GERSSON BLACK 25,,Card charge (FACEBK *NTRFL8R3D2),FB ADS,,,,,,-$ 70.9 ,,,,
1 de diciembre de 2025,,INFOPRODUCTOS X,,Card charge (FACEBK *2ZH6N5HW22),FB ADS,,,,,,-$ 60.0 ,,,,
1 de diciembre de 2025,,INFOPRODUCTOS X,,Card charge (FACEBK *MYCAM5HW22),FB ADS,,,,,,-$ 60.0 ,,,,
1 de diciembre de 2025,,GERSSON BLACK 25,,Card charge (FACEBK *BCCDM7H3D2),FB ADS,,,,,,-$ 225.0 ,,,,
1 de diciembre de 2025,,GERSSON BLACK 25,,Card charge (FACEBK *LV9Y77Z2D2),FB ADS,,,,,,-$ 112.5 ,,,,
1 de diciembre de 2025,,AGENCIA X,,Card charge (GREATAPPS),GREATPAGES,,,,,,-$ 52.5 ,,,,
2 de diciembre de 2025,,INFOPRODUCTOS X,,Card charge (FACEBK *7ABX769W22),FB ADS,,,,,,-$ 60.0 ,,,,
2 de diciembre de 2025,,INFOPRODUCTOS X,,Card charge (FACEBK *L7V4Q5HW22),FB ADS,,,,,,-$ 60.0 ,,,,
2 de diciembre de 2025,,GERSSON BLACK 25,,Card charge (FACEBK *DDQ9B7Z2D2),FB ADS,,,,,,-$ 44.5 ,,,,
2 de diciembre de 2025,,TERENCE BLACK 25,,Card charge (FACEBK *XVUKU79L92),FB ADS,,,,,,-$ 636.6 ,,,,
2 de diciembre de 2025,,INFOPRODUCTOS X,,Card charge (FACEBK *LFLNH6RW22),FB ADS,,,,,,-$ 60.0 ,,,,
3 de diciembre de 2025,,INFOPRODUCTOS X,,Card charge (FACEBK *5YBSP6VW22),FB ADS,,,,,,-$ 60.0 ,,,,
3 de diciembre de 2025,,INFOPRODUCTOS X,,Card charge (FACEBK *UCUPG6DW22),FB ADS,,,,,,-$ 60.0 ,,,,
3 de diciembre de 2025,,INFOPRODUCTOS X,,Card charge (FACEBK *HTUF68ZZW2),FB ADS,,,,,,-$ 7.6 ,,,,
3 de diciembre de 2025,,AGENCIA X,,"Card charge (CURSOR, AI POWERED IDE)",CURSOR,,,,,,-$ 20.0 ,,,,
3 de diciembre de 2025,,AGENCIA X,,Card charge (HOSTINGER),HOSTINGUER,,,,,,-$ 9.6 ,,,,
4 de diciembre de 2025,,INFOPRODUCTOS X,,Card charge (FACEBK *3X8NC69W22),FB ADS,,,,,,-$ 60.0 ,,,,
4 de diciembre de 2025,,INFOPRODUCTOS X,,Card charge (FACEBK *PQL7K5MW22),FB ADS,,,,,,-$ 60.0 ,,,,
4 de diciembre de 2025,,AGENCIA X,,Card charge (DLO*GOOGLE Google One),GOOGLE ONE,,,,,,-$ 30.6 ,,,,
6 de diciembre de 2025,,INFOPRODUCTOS X,,Card charge (FACEBK *NCGG765W22),FB ADS,,,,,,-$ 60.0 ,,,,
6 de diciembre de 2025,,INFOPRODUCTOS X,,Card charge (FACEBK *7PYP465W22),FB ADS,,,,,,-$ 60.0 ,,,,
6 de diciembre de 2025,,INFOPRODUCTOS X,,Card charge (FACEBK *KGRTX5HW22),FB ADS,,,,,,-$ 60.0 ,,,,
6 de diciembre de 2025,,AGENCIA X,,Shipping Fee,GASTOS PAYONEER,,,,,,-$ 40.0 ,,,,
6 de diciembre de 2025,,AGENCIA X,,Card charge (LATAM AIRLINES COLOMBI),VUELOS HOTMART,,,,,,-$ 567.1 ,,,,
6 de diciembre de 2025,,AGENCIA X,,Card charge (HOSTINGER* HOSTINGER.C),HOSTINGUER,,,,,,-$ 15.1 ,,,,
7 de diciembre de 2025,,INFOPRODUCTOS X,,Card charge (FACEBK *GXXPX6RW22),FB ADS,,,,,,-$ 60.0 ,,,,
7 de diciembre de 2025,,INFOPRODUCTOS X,,Card charge (FACEBK *ARHZS6DW22),FB ADS,,,,,,-$ 60.1 ,,,,
7 de diciembre de 2025,,AGENCIA X,,Card charge (LA BIFERIA SA),COMIDA GERSSON,,,,,,-$ 182.8 ,,,,
7 de diciembre de 2025,,AGENCIA X,,Card charge (EL CHUZALES),COMIDA EQUIPO,,,,,,-$ 55.3 ,,,,
8 de diciembre de 2025,,INFOPRODUCTOS X,,Card charge (FACEBK *9VJX37VW22),FB ADS,,,,,,-$ 60.0 ,,,,
8 de diciembre de 2025,,AGENCIA X,,Card charge (HOTMART),SENDFLOW,,,,,,-$ 99.0 ,,,,
8 de diciembre de 2025,,AGENCIA X,,Card charge (SGT*abestpdfcom),PRUEBA HERRAMIENTA,,,,,,-$ 2.0 ,,,,
9 de diciembre de 2025,,INFOPRODUCTOS X,,Card charge (FACEBK *FKGY47RW22),FB ADS,,,,,,-$ 60.0 ,,,,
9 de diciembre de 2025,,INFOPRODUCTOS X,,Card charge (FACEBK *8U2J46ZV22),FB ADS,,,,,,-$ 60.0 ,,,,
9 de diciembre de 2025,,AGENCIA X,,Card charge (FLODESK.COM),FLODESK,,,,,,-$ 38.4 ,,,,
10 de diciembre de 2025,,INFOPRODUCTOS X,,Card charge (FACEBK *5QECJ65W22),FB ADS,,,,,,-$ 60.0 ,,,,
10 de diciembre de 2025,,INFOPRODUCTOS X,,Card charge (FACEBK *94HZZ6DW22),FB ADS,,,,,,-$ 17.6 ,,,,
10 de diciembre de 2025,,TRASLADO,,Payment to Bancolombia (6138),PAGO YEZDEYLI L9,,,,,,"-$ 1,155.3 ",,,,
10 de diciembre de 2025,,GERSSON L9,,Payment to Gersson Lopez,CUADRE COMISIONES,,,,,,-$ 788.0 ,,,,
10 de diciembre de 2025,,TRASLADO,,Payment from Gersson Lopez,PAGO YEZDEYLI L9,,,,,," $ 1,124.5 ",,,,
10 de diciembre de 2025,,AGENCIA X,,Card charge (HOSTINGER),HOSTINGUER,,,,,,-$ 0.4 ,,,,
11 de diciembre de 2025,,INFOPRODUCTOS X,,Card charge (FACEBK *9ELPV69W22),FB ADS,,,,,,-$ 60.0 ,,,,
11 de diciembre de 2025,,AGENCIA X,,Payment from Hotmart,RETIRO HOTMART,,,,,"-$ 4,221.0 "," $ 4,221.0 ",,,,
11 de diciembre de 2025,,AGENCIA X,,Card charge (DLO*hostinger.co),HOSTINGUER,,,,,,-$ 65.1 ,,,,
12 de diciembre de 2025,,INFOPRODUCTOS X,,Card charge (FACEBK *CR7Y66MW22),FB ADS,,,,,,-$ 60.0 ,,,,
13 de diciembre de 2025,,INFOPRODUCTOS X,,Card charge (FACEBK *64CF379W22),FB ADS,,,,,,-$ 60.0 ,,,,
13 de diciembre de 2025,,INFOPRODUCTOS X,,Card charge (FACEBK *G53NF7VV22),FB ADS,,,,,,-$ 60.0 ,,,,
13 de diciembre de 2025,,AGENCIA X,,Card charge (CAPCUT),CAPCUT,,,,,,-$ 16.3 ,,,,
14 de diciembre de 2025,,INFOPRODUCTOS X,,Card charge (FACEBK *2MZCN6HW22),FB ADS,,,,,,-$ 60.0 ,,,,
15 de diciembre de 2025,,INFOPRODUCTOS X,,Card charge (FACEBK *89TBM7VW22),FB ADS,,,,,,-$ 60.0 ,,,,
15 de diciembre de 2025,,INFOPRODUCTOS X,,Card charge (FACEBK *Y7TRQ6HW22),FB ADS,,,,,,-$ 12.0 ,,,,
15 de diciembre de 2025,,HOTMART,,Payment from Hotmart,RETIRO HOTMART,,,,,"-$ 4,886.0 "," $ 4,886.0 ",,,,
16 de diciembre de 2025,,INFOPRODUCTOS X,,Card charge (FACEBK *EGA4M7RW22),FB ADS,,,,,,-$ 2.1 ,,,,
18 de diciembre de 2025,,INFOPRODUCTOS X,,Card charge (FACEBK *ENKJFAD4L2),FB ADS,,,,,,-$ 35.9 ,,,,
18 de diciembre de 2025,,AGENCIA X,,Payment to Bancolombia (5406),REGALOS CLIENTES,,,,,,-$ 263.6 ,,,,
19 de diciembre de 2025,,HOTMART,,Payment from Hotmart,RETIRO HOTMART,,,,,"-$ 11,480.3 "," $ 11,480.3 ",,,,
20 de diciembre de 2025,,INFOPRODUCTOS X,,Card charge (FACEBK *9ZE3ACM4L2),FB ADS,,,,,,-$ 100.0 ,,,,
20 de diciembre de 2025,,AGENCIA X,,Card charge (STREAMYARD.COM),STREAMYARD,,,,,,-$ 53.9 ,,,,
21 de diciembre de 2025,,INFOPRODUCTOS X,,Card charge (FACEBK *FX9HU9Z3L2),FB ADS,,,,,,-$ 100.0 ,,,,
21 de diciembre de 2025,,AGENCIA X,,Card charge (DLO*hostinger.co),HOSTINGUER,,,,,,-$ 15.5 ,,,,
21 de diciembre de 2025,,AGENCIA X,,Card charge (DLO*hostinger.co),HOSTINGUER,,,,,,-$ 13.6 ,,,,
21 de diciembre de 2025,,AGENCIA X,,Card charge (DLO*hostinger.co),HOSTINGUER,,,,,,-$ 10.1 ,,,,
22 de diciembre de 2025,,GERSSON L10,,Card charge (FACEBK *73DEB9H3D2),FB ADS,,,,,,-$ 311.7 ,,,,
22 de diciembre de 2025,,AGENCIA X,,Payment to Bancolombia (5406),NOMINA,,,,,,"-$ 3,870.1 ",,,,
23 de diciembre de 2025,,INFOPRODUCTOS X,,Card charge (FACEBK *CCJMKB94L2),FB ADS,,,,,,-$ 100.0 ,,,,
23 de diciembre de 2025,,AGENCIA X,,Payment to BANCOLOMBIA (1854),PAGO POR REISY,,,,,,-$ 510.2 ,,,,
24 de diciembre de 2025,,AGENCIA X,,Payment to Bancolombia (5406),NOMINA,,,,,,-$ 660.8 ,,,,
25 de diciembre de 2025,,INFOPRODUCTOS X,,Card charge (FACEBK *JHMS5BR4L2),FB ADS,,,,,,-$ 100.0 ,,,,
27 de diciembre de 2025,,GERSSON L10,,Card charge (FACEBK *U734N9D3D2),FB ADS,,,,,,-$ 900.0 ,,,,
27 de diciembre de 2025,,INFOPRODUCTOS X,,Card charge (FACEBK *J4ESUAV4L2),FB ADS,,,,,,-$ 100.0 ,,,,
29 de diciembre de 2025,,INFOPRODUCTOS X,,Card charge (FACEBK *ADA42BV4L2),FB ADS,,,,,,-$ 100.0 ,,,,
29 de diciembre de 2025,,AGENCIA X,,Card charge (DLO*hostinger.co),HOSTINGUER,,,,,,-$ 22.3 ,,,,
31 de diciembre de 2025,,GERSSON L10,,Card charge (FACEBK *68ER6AM3D2),FB ADS,,,,,,-$ 900.0 ,,,,
31 de diciembre de 2025,,INFOPRODUCTOS X,,VENTAS HASTA EL 31 DIC,INGRESOS HOTMART,,,,," $ 2,566.0 ",,,,,
31 de diciembre de 2025,,GERSSON BLACK 25,,VENTAS HASTA EL 31 DIC,INGRESOS HOTMART,,,,," $ 3,419.0 ",,,,,
31 de diciembre de 2025,,TERENCE BLACK 25,,VENTAS HASTA EL 31 DIC,INGRESOS HOTMART,,,,," $ 1,044.0 ",,,,,
1 de enero de 2026,,AGENCIA X,,"Maintenance fee, January 2026 to December 2026",COSTOS PAYO,,,,,,-$ 30.0 ,,,,
3 de enero de 2026,,GERSSON L10,,Card charge (FACEBK *56N7VBV3D2),FB ADS,,,,,,-$ 900.0 ,,,,
3 de enero de 2026,,INFOPRODUCTOS X,,Card charge (FACEBK *926Q5BV3L2),FB ADS,,,,,,-$ 25.9 ,,,,
3 de enero de 2026,,INFOPRODUCTOS X,,Card charge (FACEBK *SAZX9DM4L2),FB ADS,,,,,,-$ 100.0 ,,,,
3 de enero de 2026,,AGENCIA X,,"Card charge (STAPE, INC.)",STAPE,,,,,,-$ 20.2 ,,,,
4 de enero de 2026,,GERSSON L10,,Card charge (FACEBK *FKDWVAV2D2),FB ADS,,,,,,-$ 900.0 ,,,,
5 de enero de 2026,,INFOPRODUCTOS X,,Card charge (FACEBK *XH9NDB54L2),FB ADS,,,,,,-$ 100.0 ,,,,
5 de enero de 2026,,GERSSON L10,,Card charge (FACEBK *W4RBJA53D2),FB ADS,,,,,,"-$ 1,454.0 ",,,,
5 de enero de 2026,,AGENCIA X,,Card charge (GREATAPPS),GREATPAGES,,,,,,-$ 51.5 ,,,,
6 de enero de 2026,,REISY L1,,Card charge (FACEBK *UQACQBD9H2),FB ADS,,,,,,-$ 20.0 ,,,,
6 de enero de 2026,,GERSSON L10,,Card charge (FACEBK *MU352BV2D2),FB ADS,,,,,,-$ 965.0 ,,,,
6 de enero de 2026,,GERSSON L10,,Card charge (FACEBK *NBCGCAH3D2),FB ADS,,,,,,"-$ 1,454.0 ",,,,
6 de enero de 2026,,AGENCIA X,,Card charge (HOTMART),SENDFLOW,,,,,,-$ 100.8 ,,,,
6 de enero de 2026,,AGENCIA X,,Card charge (GOOGLE *Google One),GOOGLE ONE,,,,,,-$ 30.6 ,,,,
6 de enero de 2026,,AGENCIA X,,Card charge (DLO*hostinger.co),HOSTINGUER,,,,,,-$ 15.0 ,,,,
7 de enero de 2026,,GERSSON L10,,Card charge (FACEBK *XP3TQAM3D2),FB ADS,,,,,,"-$ 1,129.0 ",,,,
7 de enero de 2026,,GERSSON L10,,Card charge (FACEBK *NL8HBBR3D2),FB ADS,,,,,,-$ 965.0 ,,,,
7 de enero de 2026,,REISY L1,,Payment to JUAN CARLOS BARROS ALFARO,FB ADS,,,,,,"-$ 10,004.0 ",,,,
8 de enero de 2026,,GERSSON L10,,Card charge (FACEBK *RARAGBR3D2),FB ADS,,,,,,"-$ 1,056.0 ",,,,
8 de enero de 2026,,GERSSON L10,,Card charge (FACEBK *4Q6SJAH3D2),FB ADS,,,,,,"-$ 1,129.0 ",,,,
8 de enero de 2026,,INFOPRODUCTOS X,,Card charge (FACEBK *QNF7NB54L2),FB ADS,,,,,,-$ 100.0 ,,,,
8 de enero de 2026,,INFOPRODUCTOS X,,Card charge (FACEBK *YDY2QC94L2),FB ADS,,,,,,-$ 100.0 ,,,,
8 de enero de 2026,,GERSSON L10,,Card charge (FACEBK *QX6JQA53D2),FB ADS,,,,,,"-$ 1,129.0 ",,,,
9 de enero de 2026,,AGENCIA X,,Card charge (HOSTINGER),HOSTINGUER,,,,,,-$ 16.1 ,,,,
9 de enero de 2026,,AGENCIA X,,Card charge (DLO*hostinger.co),HOSTINGUER,,,,,,-$ 66.5 ,,,,
10 de enero de 2026,,INFOPRODUCTOS X,,Card charge (FACEBK *PW89TB54L2),FB ADS,,,,,,-$ 100.0 ,,,,
10 de enero de 2026,,GERSSON L10,,Card charge (FACEBK *45N4ECV3D2),FB ADS,,,,,,"-$ 1,434.0 ",,,,
10 de enero de 2026,,INFOPRODUCTOS X,,Card charge (FACEBK *7KWWBBZ3L2),FB ADS,,,,,,-$ 100.0 ,,,,
10 de enero de 2026,,INFOPRODUCTOS X,,Card charge (FACEBK *Z9MGSB54L2),FB ADS,,,,,,-$ 100.0 ,,,,
10 de enero de 2026,,INFOPRODUCTOS X,,Card charge (FACEBK *LX7EWBV4L2),FB ADS,,,,,,-$ 100.0 ,,,,
10 de enero de 2026,,GERSSON L10,,Card charge (FACEBK *8483XAM3D2),FB ADS,,,,,,"-$ 1,434.0 ",,,,
10 de enero de 2026,,GERSSON L10,,Card charge (FACEBK *UJFMLAD3D2),FB ADS,,,,,,"-$ 1,434.0 ",,,,
10 de enero de 2026,,INFOPRODUCTOS X,,Card charge (FACEBK *8WTUSC94L2),FB ADS,,,,,,-$ 100.0 ,,,,
10 de enero de 2026,,INFOPRODUCTOS X,,Card charge (FACEBK *THNF6CD4L2),FB ADS,,,,,,-$ 100.0 ,,,,
10 de enero de 2026,,INFOPRODUCTOS X,,Card charge (FACEBK *CMJ6UDM4L2),FB ADS,,,,,,-$ 100.0 ,,,,
10 de enero de 2026,,AGENCIA X,,Card charge (STAPE  INC.),STAPE,,,,,,-$ 23.3 ,,,,
10 de enero de 2026,,GERSSON L10,,Card charge (MANYCHAT.COM),MANYCHAT,,,,,,"-$ 1,010.0 ",,,,
10 de enero de 2026,,AGENCIA X,,Card charge (FLODESK.COM),FLODESK,,,,,,-$ 38.4 ,,,,
11 de enero de 2026,,GERSSON L10,,Card charge (FACEBK *FP8GSAH3D2),FB ADS,,,,,,"-$ 1,434.0 ",,,,
11 de enero de 2026,,INFOPRODUCTOS X,,Card charge (FACEBK *AF5SACD4L2),FB ADS,,,,,,-$ 100.0 ,,,,
11 de enero de 2026,,INFOPRODUCTOS X,,Card charge (FACEBK *2AAHUB54L2),FB ADS,,,,,,-$ 100.0 ,,,,
11 de enero de 2026,,GERSSON L10,,Card charge (FACEBK *9SYHMBR3D2),FB ADS,,,,,,"-$ 1,434.0 ",,,,
11 de enero de 2026,,REISY L1,,Card charge (NIFTYIMAGES),NIFTY,,,,,,-$ 25.3 ,,,,
11 de enero de 2026,,AGENCIA X,,Card charge (CapCut),CAPCUT,,,,,,-$ 16.6 ,,,,
12 de enero de 2026,,GERSSON L10,,Card charge (FACEBK *6TBFUAD3D2),FB ADS,,,,,,"-$ 1,710.0 ",,,,
12 de enero de 2026,,INFOPRODUCTOS X,,Card charge (FACEBK *L5UFGBZ3L2),FB ADS,,,,,,-$ 100.0 ,,,,
12 de enero de 2026,,INFOPRODUCTOS X,,Card charge (FACEBK *GGMY3EM4L2),FB ADS,,,,,,-$ 100.0 ,,,,
12 de enero de 2026,,GERSSON L10,,Card charge (FACEBK *GMFSFBV2D2),FB ADS,,,,,,"-$ 1,434.0 ",,,,
12 de enero de 2026,,AGENCIA X,,"Card charge (CURSOR, AI POWERED IDE)",CURSOR,,,,,,-$ 20.2 ,,,,
13 de enero de 2026,,INFOPRODUCTOS X,,Card charge (FACEBK *UE5A5D94L2),FB ADS,,,,,,-$ 100.0 ,,,,
13 de enero de 2026,,INFOPRODUCTOS X,,Card charge (FACEBK *FNYL5CV4L2),FB ADS,,,,,,-$ 100.0 ,,,,
14 de enero de 2026,,INFOPRODUCTOS X,,Card charge (FACEBK *43488CV4L2),FB ADS,,,,,,-$ 100.0 ,,,,
14 de enero de 2026,,INFOPRODUCTOS X,,Card charge (FACEBK *HD2T4C54L2),FB ADS,,,,,,-$ 100.0 ,,,,
14 de enero de 2026,,INFOPRODUCTOS X,,Card charge (FACEBK *AWDT8CV4L2),FB ADS,,,,,,-$ 100.0 ,,,,
14 de enero de 2026,,INFOPRODUCTOS X,,Card charge (FACEBK *NBAZ6EM4L2),FB ADS,,,,,,-$ 100.0 ,,,,
15 de enero de 2026,,INFOPRODUCTOS X,,Card charge (FACEBK *3EKEBCV4L2),FB ADS,,,,,,-$ 100.0 ,,,,
15 de enero de 2026,,INFOPRODUCTOS X,,Card charge (FACEBK *NUVT8D94L2),FB ADS,,,,,,-$ 100.0 ,,,,
16 de enero de 2026,,HOTMART,,Payment from Hotmart,RETIRO HOTMART,,,,,"-$ 3,497.0 "," $ 3,497.0 ",,,,
18 de enero de 2026,,INFOPRODUCTOS X,,Card charge (FACEBK *ZFVYXCR4L2),FB ADS,,,,,,-$ 100.0 ,,,,
18 de enero de 2026,,INFOPRODUCTOS X,,Card charge (FACEBK *5QQ7VBZ3L2),FB ADS,,,,,,-$ 100.0 ,,,,
18 de enero de 2026,,INFOPRODUCTOS X,,Card charge (FACEBK *Z4E6HCV4L2),FB ADS,,,,,,-$ 100.0 ,,,,
18 de enero de 2026,,INFOPRODUCTOS X,,Card charge (FACEBK *2MCHFEM4L2),FB ADS,,,,,,-$ 100.0 ,,,,
18 de enero de 2026,,INFOPRODUCTOS X,,Card charge (FACEBK *ZD4B7DH4L2),FB ADS,,,,,,-$ 100.0 ,,,,
18 de enero de 2026,,INFOPRODUCTOS X,,Card charge (FACEBK *VPBZ5CV3L2),FB ADS,,,,,,-$ 100.0 ,,,,
18 de enero de 2026,,AGENCIA X,,Card charge (STREAMYARD.COM),STREAMYARD,,,,,,-$ 53.9 ,,,,
19 de enero de 2026,,INFOPRODUCTOS X,,Card charge (FACEBK *TXFF2CZ3L2),FB ADS,,,,,,-$ 100.0 ,,,,
19 de enero de 2026,,INFOPRODUCTOS X,,Card charge (FACEBK *SX8VFC54L2),FB ADS,,,,,,-$ 100.0 ,,,,
19 de enero de 2026,,REISY L1,,Card charge (MANYCHAT.COM),MANYCHAT,,,,,,-$ 50.5 ,,,,
19 de enero de 2026,,REISY L1,,Card charge (MANYCHAT.COM),MANYCHAT,,,,,,-$ 50.5 ,,,,
19 de enero de 2026,,REISY L1,,Card charge (MANYCHAT.COM),MANYCHAT,,,,,,-$ 50.5 ,,,,
19 de enero de 2026,,REISY L1,,Card charge (MANYCHAT.COM),MANYCHAT,,,,,,-$ 50.5 ,,,,
19 de enero de 2026,,REISY L1,,Card charge (MANYCHAT.COM),MANYCHAT,,,,,,-$ 50.5 ,,,,
19 de enero de 2026,,REISY L1,,Card charge (MANYCHAT.COM),MANYCHAT,,,,,,-$ 10.1 ,,,,
20 de enero de 2026,,INFOPRODUCTOS X,,Card charge (FACEBK *Q4HSHDH4L2),FB ADS,,,,,,-$ 100.0 ,,,,
20 de enero de 2026,,INFOPRODUCTOS X,,Card charge (FACEBK *XG5APCV4L2),FB ADS,,,,,,-$ 100.0 ,,,,
20 de enero de 2026,,SANTIAGO,,Card charge (www.fiverr.com),FIVER,,,,,,-$ 56.3 ,,,,
20 de enero de 2026,,REISY L1,,Card charge (MANYCHAT.COM),MANYCHAT,,,,,,-$ 50.5 ,,,,
21 de enero de 2026,,INFOPRODUCTOS X,,Card charge (FACEBK *9RVKMDH4L2),FB ADS,,,,,,-$ 100.0 ,,,,
21 de enero de 2026,,AGENCIA X,,Card charge (HOSTINGER),HOSTINGUER,,,,,,-$ 34.3 ,,,,
21 de enero de 2026,,AGENCIA X,,Card charge (CURSOR USAGE MID  JAN),CURSOR,,,,,,-$ 20.2 ,,,,
22 de enero de 2026,,INFOPRODUCTOS X,,Card charge (FACEBK *WJWWXEM4L2),FB ADS,,,,,,-$ 100.0 ,,,,
24 de enero de 2026,,INFOPRODUCTOS X,,Card charge (FACEBK *QCX65DV4L2),FB ADS,,,,,,-$ 100.0 ,,,,
24 de enero de 2026,,INFOPRODUCTOS X,,Card charge (FACEBK *5HCBSDH4L2),FB ADS,,,,,,-$ 100.0 ,,,,
24 de enero de 2026,,GERSSON L10,,Card charge (MANYCHAT.COM),MANYCHAT,,,,,,-$ 20.2 ,,,,
24 de enero de 2026,,GERSSON L10,,Card charge (MANYCHAT.COM),MANYCHAT,,,,,,-$ 20.2 ,,,,
24 de enero de 2026,,GERSSON L10,,Card charge (MANYCHAT.COM),MANYCHAT,,,,,,-$ 20.2 ,,,,
24 de enero de 2026,,GERSSON L10,,Card charge (MANYCHAT.COM),MANYCHAT,,,,,,-$ 20.2 ,,,,
24 de enero de 2026,,GERSSON L10,,Card charge (MANYCHAT.COM),MANYCHAT,,,,,,-$ 20.2 ,,,,
24 de enero de 2026,,GERSSON L10,,Card charge (MANYCHAT.COM),MANYCHAT,,,,,,-$ 20.2 ,,,,
24 de enero de 2026,,GERSSON L10,,Card charge (MANYCHAT.COM),MANYCHAT,,,,,,-$ 20.2 ,,,,
24 de enero de 2026,,GERSSON L10,,Card charge (MANYCHAT.COM),MANYCHAT,,,,,,-$ 20.2 ,,,,
24 de enero de 2026,,GERSSON L10,,Card charge (MANYCHAT.COM),MANYCHAT,,,,,,-$ 20.2 ,,,,
24 de enero de 2026,,GERSSON L10,,Card charge (MANYCHAT.COM),MANYCHAT,,,,,,-$ 20.2 ,,,,
24 de enero de 2026,,AGENCIA X,,Card charge (GREATAPPS),GREATPAGES,,,,,,-$ 52.8 ,,,,
26 de enero de 2026,,INFOPRODUCTOS X,,Card charge (FACEBK *8Y4V8DV4L2),FB ADS,,,,,,-$ 100.0 ,,,,
26 de enero de 2026,,GERSSON L10,,Card charge (MANYCHAT.COM),MANYCHAT,,,,,,-$ 50.5 ,,,,
26 de enero de 2026,,GERSSON L10,,Card charge (MANYCHAT.COM),MANYCHAT,,,,,,-$ 50.5 ,,,,
26 de enero de 2026,,GERSSON L10,,Card charge (MANYCHAT.COM),MANYCHAT,,,,,,-$ 50.5 ,,,,
26 de enero de 2026,,GERSSON L10,,Card charge (MANYCHAT.COM),MANYCHAT,,,,,,-$ 50.5 ,,,,
26 de enero de 2026,,GERSSON L10,,Card charge (MANYCHAT.COM),MANYCHAT,,,,,,-$ 50.5 ,,,,
26 de enero de 2026,,GERSSON L10,,Card charge (MANYCHAT.COM),MANYCHAT,,,,,,-$ 50.5 ,,,,
26 de enero de 2026,,GERSSON L10,,Card charge (MANYCHAT.COM),MANYCHAT,,,,,,-$ 50.5 ,,,,
26 de enero de 2026,,GERSSON L10,,Card charge (MANYCHAT.COM),MANYCHAT,,,,,,-$ 50.5 ,,,,
26 de enero de 2026,,GERSSON L10,,Card charge (MANYCHAT.COM),MANYCHAT,,,,,,-$ 50.5 ,,,,
26 de enero de 2026,,GERSSON L10,,Card charge (MANYCHAT.COM),MANYCHAT,,,,,,-$ 50.5 ,,,,
26 de enero de 2026,,GERSSON L10,,Card charge (MANYCHAT.COM),MANYCHAT,,,,,,-$ 50.5 ,,,,
26 de enero de 2026,,GERSSON L10,,Card charge (MANYCHAT.COM),MANYCHAT,,,,,,-$ 50.5 ,,,,
26 de enero de 2026,,GERSSON L10,,Card charge (MANYCHAT.COM),MANYCHAT,,,,,,-$ 50.5 ,,,,
26 de enero de 2026,,GERSSON L10,,Card charge (MANYCHAT.COM),MANYCHAT,,,,,,-$ 50.5 ,,,,
26 de enero de 2026,,GERSSON L10,,Card charge (MANYCHAT.COM),MANYCHAT,,,,,,-$ 50.5 ,,,,
26 de enero de 2026,,GERSSON L10,,Card charge (MANYCHAT.COM),MANYCHAT,,,,,,-$ 50.5 ,,,,
26 de enero de 2026,,GERSSON L10,,Card charge (MANYCHAT.COM),MANYCHAT,,,,,,-$ 20.2 ,,,,
26 de enero de 2026,,GERSSON L10,,Card charge (MANYCHAT.COM),MANYCHAT,,,,,,-$ 20.2 ,,,,
26 de enero de 2026,,HOTMART,,Payment from Hotmart,RETIRO HOTMART,,,,,"-$ 2,220.1 "," $ 2,220.1 ",,,,
27 de enero de 2026,,AGENCIA X,,Card charge (Trae),CURSOR,,,,,,-$ 3.1 ,,,,
27 de enero de 2026,,GERSSON L10,,Card charge (MANYCHAT.COM),MANYCHAT,,,,,,-$ 50.5 ,,,,
27 de enero de 2026,,GERSSON L10,,Card charge (MANYCHAT.COM),MANYCHAT,,,,,,-$ 50.5 ,,,,
27 de enero de 2026,,GERSSON L10,,Card charge (MANYCHAT.COM),MANYCHAT,,,,,,-$ 50.5 ,,,,
27 de enero de 2026,,GERSSON L10,,Card charge (MANYCHAT.COM),MANYCHAT,,,,,,-$ 50.5 ,,,,
27 de enero de 2026,,GERSSON L10,,Card charge (MANYCHAT.COM),MANYCHAT,,,,,,-$ 50.5 ,,,,
27 de enero de 2026,,GERSSON L10,,Card charge (MANYCHAT.COM),MANYCHAT,,,,,,-$ 50.5 ,,,,
27 de enero de 2026,,GERSSON L10,,Card charge (MANYCHAT.COM),MANYCHAT,,,,,,-$ 50.5 ,,,,
27 de enero de 2026,,GERSSON L10,,Card charge (MANYCHAT.COM),MANYCHAT,,,,,,-$ 50.5 ,,,,
27 de enero de 2026,,AGENCIA X,,Card charge (DLO*hostinger.co),HOSTINGUER,,,,,,-$ 9.9 ,,,,
28 de enero de 2026,,INFOPRODUCTOS X,,Card charge (FACEBK *GDKACD54L2),MANYCHAT,,,,,,-$ 100.0 ,,,,
28 de enero de 2026,,INFOPRODUCTOS X,,Card charge (FACEBK *V89REFM4L2),FB ADS,,,,,,-$ 100.0 ,,,,
28 de enero de 2026,,GERSSON L10,,Card charge (MANYCHAT.COM),MANYCHAT,,,,,,-$ 101.0 ,,,,
28 de enero de 2026,,AGENCIA X,,Card charge (CURSOR USAGE MID  JAN),CURSOR,,,,,,-$ 41.2 ,,,,
29 de enero de 2026,,GERSSON L10,,Card charge (MANYCHAT.COM),MANYCHAT,,,,,,-$ 50.5 ,,,,
29 de enero de 2026,,GERSSON L10,,Card charge (MANYCHAT.COM),MANYCHAT,,,,,,-$ 50.5 ,,,,
29 de enero de 2026,,GERSSON L10,,Card charge (MANYCHAT.COM),MANYCHAT,,,,,,-$ 50.5 ,,,,
29 de enero de 2026,,GERSSON L10,,Card charge (MANYCHAT.COM),MANYCHAT,,,,,,-$ 50.5 ,,,,
29 de enero de 2026,,GERSSON L10,,Card charge (MANYCHAT.COM),MANYCHAT,,,,,,-$ 50.5 ,,,,
29 de enero de 2026,,GERSSON L10,,Card charge (MANYCHAT.COM),MANYCHAT,,,,,,-$ 50.5 ,,,,
29 de enero de 2026,,GERSSON L10,,Card charge (MANYCHAT.COM),MANYCHAT,,,,,,-$ 50.5 ,,,,
29 de enero de 2026,,GERSSON L10,,Card charge (MANYCHAT.COM),MANYCHAT,,,,,,-$ 50.5 ,,,,
29 de enero de 2026,,GERSSON L10,,Card charge (MANYCHAT.COM),MANYCHAT,,,,,,-$ 50.5 ,,,,
29 de enero de 2026,,GERSSON L10,,Card charge (MANYCHAT.COM),MANYCHAT,,,,,,-$ 50.5 ,,,,
29 de enero de 2026,,GERSSON L10,,Card charge (MANYCHAT.COM),MANYCHAT,,,,,,-$ 50.5 ,,,,
29 de enero de 2026,,GERSSON L10,,Card charge (MANYCHAT.COM),MANYCHAT,,,,,,-$ 50.5 ,,,,
29 de enero de 2026,,GERSSON L10,,Card charge (MANYCHAT.COM),MANYCHAT,,,,,,-$ 50.5 ,,,,
29 de enero de 2026,,GERSSON L10,,Card charge (MANYCHAT.COM),MANYCHAT,,,,,,-$ 50.5 ,,,,
29 de enero de 2026,,GERSSON L10,,Card charge (MANYCHAT.COM),MANYCHAT,,,,,,-$ 50.5 ,,,,
29 de enero de 2026,,GERSSON L10,,Card charge (MANYCHAT.COM),MANYCHAT,,,,,,-$ 50.5 ,,,,
29 de enero de 2026,,AGENCIA X,,Card charge (DLO*hostinger.co),HOSTINGUER,,,,,,-$ 23.6 ,,,,
30 de enero de 2026,,INFOPRODUCTOS X,,Card charge (FACEBK *HZM2FD54L2),FB ADS,,,,,,-$ 100.0 ,,,,
31 de enero de 2026,,TERENCE L2,,Card charge (FACEBK *D3F4LBHL92),FB ADS,,,,,,-$ 561.9 ,,,,
31 de enero de 2026,,INFOPRODUCTOS X,,Card charge (FACEBK *QAXGFEH4L2),FB ADS,,,,,,-$ 100.0 ,,,,
31 de enero de 2026,,REISY L1,,Card charge (PANDAVIDEO.COM),PANDAVIDEO,,,,,,-$ 15.1 ,,,,
31 de enero de 2026,,TERENCE BLACK 25,,VENTAS HASTA EL 31 ENE,INGRESOS HOTMART,,,,, $ 158.7 ,,,,,
31 de enero de 2026,,GERSSON L10,,VENTAS HASTA EL 31 ENE,INGRESOS HOTMART,,,,," $ 36,369.0 ",,,,,
31 de enero de 2026,,INFOPRODUCTOS X,,VENTAS HASTA EL 31 ENE,INGRESOS HOTMART,,,,," $ 5,516.0 ",,,,,
31 de enero de 2026,,REISY L1,,VENTAS HASTA EL 31 ENE,INGRESOS HOTMART,,,,," $ 16,855.0 ",,,,,
31 de enero de 2026,,ADRIANA,,VENTAS DIC Y ENE,INGRESOS HOTMART,," $ 6,512.0 ",,,,,,,,
1 de febrero de 2026,,INFOPRODUCTOS X,,Card charge (FACEBK *D27H3ED4L2),FB ADS,,,,,,-$ 100.0 ,,,,
1 de febrero de 2026,,AGENCIA X,,Card charge (CURSOR USAGE MID  JAN),CURSOR,,,,,,-$ 60.6 ,,,,
2 de febrero de 2026,,TERENCE L2,,Card charge (FACEBK *7UJZ4BMK92),FB ADS,,,,,,-$ 69.7 ,,,,
2 de febrero de 2026,,INFOPRODUCTOS X,,Card charge (FACEBK *NK7WVDV4L2),FB ADS,,,,,,-$ 100.0 ,,,,
2 de febrero de 2026,,AGENCIA X,,Card charge (PANDAVIDEO.COM),PANDAVIDEO,,,,,,-$ 38.3 ,,,,
3 de febrero de 2026,,AGENCIA X,,"Card charge (STAPE, INC.)",STAPE,,,,,,-$ 50.5 ,,,,
3 de febrero de 2026,,AGENCIA X,,"Card charge (STAPE, INC.)",STAPE,,,,,,-$ 20.2 ,,,,
25 de febrero de 2026,,GERSSON L10,,VENTAS AL 25 FEB,INGRESOS HOTMART,,,,," $ 10,358.0 ",,,,,
25 de febrero de 2026,,INFOPRODUCTOS X,,VENTAS AL 25 FEB,INGRESOS HOTMART,,,,," $ 2,064.0 ",,,,,
3 de febrero de 2026,,INFOPRODUCTOS X,,Card charge (FACEBK *62XQXDV4L2),FB ADS,,,,,,-$ 47.7 ,,,,
4 de febrero de 2026,,AGENCIA X,,Payment to Bancolombia (5406),NOMINA,,,,,,"-$ 4,617.5 ",,,,
4 de febrero de 2026,,HOTMART,,Payment from Hotmart,RETIRO HOTMART,,,,,"-$ 12,997.0 "," $ 12,997.0 ",,,,
4 de febrero de 2026,,TERENCE L2,,Card charge (FACEBK *XEDLYA5L92),FB ADS,,,,,,-$ 441.5 ,,,,
4 de febrero de 2026,,INFOPRODUCTOS X,,Card charge (FACEBK *PAVTDER4L2),FB ADS,,,,,,-$ 100.0 ,,,,
4 de febrero de 2026,,AGENCIA X,,Card charge (ADVERONIX LLC),ADVERONIX,,,,,,-$ 39.4 ,,,,
5 de febrero de 2026,,AGENCIA X,,Card charge (HOTMART),SENDFLOW,,,,,,-$ 100.8 ,,,,
5 de febrero de 2026,,INFOPRODUCTOS X,,Card charge (FACEBK *AFKNXEH4L2),FB ADS,,,,,,-$ 100.0 ,,,,
7 de febrero de 2026,,INFOPRODUCTOS X,,Card charge (FACEBK *QEN6QDZ3L2),FB ADS,,,,,,-$ 100.0 ,,,,
7 de febrero de 2026,,GERSSON L10,,Card charge (MANYCHAT.COM),MANYCHAT,,,,,,-$ 532.8 ,,,,
7 de febrero de 2026,,AGENCIA X,,Card charge (DLO*hostinger.co),HOSTINGUER,,,,,,-$ 15.6 ,,,,
8 de febrero de 2026,,INFOPRODUCTOS X,,Card charge (FACEBK *KY5CUER4L2),FB ADS,,,,,,-$ 100.0 ,,,,
8 de febrero de 2026,,TERENCE L2,,Card charge (FACEBK *DHR2BD9L92),FB ADS,,,,,,-$ 909.0 ,,,,
9 de febrero de 2026,,AGENCIA X,,Card charge (FLODESK.COM),FLODESK,,,,,,-$ 38.4 ,,,,
9 de febrero de 2026,,AGENCIA X,,Card charge (HOSTINGER),HOSTINGUER,,,,,,-$ 16.2 ,,,,
9 de febrero de 2026,,AGENCIA X,,Card charge (DLO*hostinger.co),HOSTINGUER,,,,,,-$ 67.5 ,,,,
10 de febrero de 2026,,INFOPRODUCTOS X,,Card charge (FACEBK *ZDJXYDZ3L2),FB ADS,,,,,,-$ 100.0 ,,,,
11 de febrero de 2026,,AGENCIA X,,Card charge (CAPCUT),CAPCUT,,,,,,-$ 16.9 ,,,,
11 de febrero de 2026,,REISY L1,,Card charge (NIFTYIMAGES),NIFTYIMAGES,,,,,,-$ 25.3 ,,,,
11 de febrero de 2026,,AGENCIA X,,Card charge (HOSTINGER),HOSTINGUER,,,,,,-$ 37.8 ,,,,
11 de febrero de 2026,,AGENCIA X,,Card charge (GOOGLE *Google One),GOOGLE ONE,,,,,,-$ 31.7 ,,,,
12 de febrero de 2026,,INFOPRODUCTOS X,,Card charge (FACEBK *FU23ME54L2),FB ADS,,,,,,-$ 100.0 ,,,,
12 de febrero de 2026,,TERENCE L2,,Card charge (FACEBK *QFVSPB5L92),FB ADS,,,,,,-$ 909.0 ,,,,
12 de febrero de 2026,,AGENCIA X,,"Card charge (CURSOR, AI POWERED IDE)",CURSOR,,,,,,-$ 20.2 ,,,,
15 de febrero de 2026,,AGENCIA X,,Card charge (CASA AVELINA),COWORKING,,,,,,-$ 33.9 ,,,,
15 de febrero de 2026,,AGENCIA X,,Card charge (NELSON JAVIER GOMEZ SA),COMIDA EQUIPO,,,,,,-$ 48.4 ,,,,
15 de febrero de 2026,,INFOPRODUCTOS X,,Card charge (FACEBK *RHNJDFR4L2),FB ADS,,,,,,-$ 100.0 ,,,,
15 de febrero de 2026,,AGENCIA X,,Card charge (CURSOR USAGE  JAN),CURSOR,,,,,,-$ 31.1 ,,,,
16 de febrero de 2026,,TERENCE L2,,Card charge (FACEBK *A8BK8CML92),FB ADS,,,,,,-$ 141.4 ,,,,
16 de febrero de 2026,,INFOPRODUCTOS X,,Card charge (FACEBK *JL563G94L2),FB ADS,,,,,,-$ 100.0 ,,,,
16 de febrero de 2026,,AGENCIA X,,Card charge (CURCUMA),COMIDA EQUIPO,,,,,,-$ 196.6 ,,,,
16 de febrero de 2026,,AGENCIA X,,Card charge (MAKALI 1 SAS),COMIDA EQUIPO,,,,,,-$ 176.9 ,,,,
17 de febrero de 2026,,AGENCIA X,,Card charge (STREAMYARD.COM),STREAMYARD,,,,,,-$ 53.9 ,,,,
17 de febrero de 2026,,INFOPRODUCTOS X,,Card charge (FACEBK *G2NV6G94L2),FB ADS,,,,,,-$ 100.0 ,,,,
17 de febrero de 2026,,AGENCIA X,,Card charge (NELSON JAVIER GOMEZ SA),COMIDA EQUIPO,,,,,,-$ 108.4 ,,,,
17 de febrero de 2026,,AGENCIA X,,Card charge (CASA AVELINA),COWORKING,,,,,,-$ 34.0 ,,,,
17 de febrero de 2026,,AGENCIA X,,Card charge (GRAN ELITE SAS),COWORKING,,,,,,-$ 32.3 ,,,,
18 de febrero de 2026,,INFOPRODUCTOS X,,Card charge (FACEBK *5HPV9G94L2),FB ADS,,,,,,-$ 100.0 ,,,,
18 de febrero de 2026,,TERENCE L2,,Payment from Terence HOOGSTOEL,TRASLADO,,,,,, $ 995.0 ,,,,
18 de febrero de 2026,,HOTMART,,Payment from Hotmart,RETIRO HOTMART,,,,,"-$ 49,487.0 "," $ 49,487.0 ",,,,
18 de febrero de 2026,,TERENCE L2,,Card charge (FACEBK *S54RHDDL92),FB ADS,,,,,,-$ 828.5 ,,,,
18 de febrero de 2026,,AGENCIA X,,Card charge (CASA AVELINA),COWORKING,,,,,,-$ 34.0 ,,,,
18 de febrero de 2026,,AGENCIA X,,Card charge (GRACIELA RAMIREZ DE SI),COMIDA EQUIPO,,,,,,-$ 29.2 ,,,,
18 de febrero de 2026,,AGENCIA X,,Card charge (PAISA WOK RODADERO),COMIDA EQUIPO,,,,,,-$ 27.4 ,,,,
19 de febrero de 2026,,INFOPRODUCTOS X,,Card charge (FACEBK *PMU96FV3L2),FB ADS,,,,,,-$ 100.0 ,,,,
19 de febrero de 2026,,AGENCIA X,,Card charge (CASA AVELINA),COWORKING,,,,,,-$ 55.1 ,,,,
19 de febrero de 2026,,AGENCIA X,,Card charge (PAISA WOK RODADERO),COMIDA EQUIPO,,,,,,-$ 20.7 ,,,,
19 de febrero de 2026,,AGENCIA X,,Card charge (CASA AVELINA),COWORKING,,,,,,-$ 13.7 ,,,,
20 de febrero de 2026,,REISY L1,,Payment to Bancolombia (1197),PAGO COMISIONES REISY,,,,,,"-$ 2,319.1 ",,,,
20 de febrero de 2026,,AGENCIA X,,Card charge (HOSTINGER),HOSTINGUER,,,,,,-$ 11.3 ,,,,
20 de febrero de 2026,,AGENCIA X,,Card charge (HOSTINGER),HOSTINGUER,,,,,,-$ 10.7 ,,,,
21 de febrero de 2026,,INFOPRODUCTOS X,,Card charge (FACEBK *J49RWFD4L2),FB ADS,,,,,,-$ 49.4 ,,,,
21 de febrero de 2026,,AGENCIA X,,Card charge (GRAN ELITE SAS),COWORKING,,,,,,-$ 40.8 ,,,,
21 de febrero de 2026,,AGENCIA X,,Card charge (CASA AVELINA),COWORKING,,,,,,-$ 33.6 ,,,,
21 de febrero de 2026,,INFOPRODUCTOS X,,Card charge (FACEBK *QPV5KHM4L2),FB ADS,,,,,,-$ 100.0 ,,,,
21 de febrero de 2026,,AGENCIA X,,Card charge (LLAMERICANSW),AMERICA SWIPE,,,,,,-$ 39.4 ,,,,
22 de febrero de 2026,,INFOPRODUCTOS X,,Card charge (FACEBK *2GQGHFHYD2),FB ADS,,,,,,-$ 40.8 ,,,,
22 de febrero de 2026,,INFOPRODUCTOS X,,Card charge (FACEBK *KRZDFGH4L2),FB ADS,,,,,,-$ 1.5 ,,,,
22 de febrero de 2026,,AGENCIA X,,Card charge (BOLD*La Plaza Santa),COMIDA EQUIPO,,,,,,-$ 131.6 ,,,,
23 de febrero de 2026,,AGENCIA X,,Card charge (CURSOR  AI POWERED IDE),CURSOR,,,,,,-$ 64.7 ,,,,
23 de febrero de 2026,,TERENCE L2,,Card charge (FACEBK *6KHWPEZK92),FB ADS,,,,,,-$ 617.9 ,,,,
23 de febrero de 2026,,AGENCIA X,,Card charge (HOSTINGER),HOSTINGUER,,,,,,-$ 10.6 ,,,,
24 de febrero de 2026,,AGENCIA X,,Card charge (CURSOR  AI POWERED IDE),CURSOR,,,,,, $ 11.7 ,,,,
25 de febrero de 2026,,AGENCIA X,,Card charge (CURSOR USAGE  FEB),CURSOR,,,,,,-$ 10.1 ,,,,
25 de febrero de 2026,,TERENCE L2,,VENTAS AL 25 FEB,INGRESOS HOTMART,,,,," $ 14,112.0 ",,,,,
25 de febrero de 2026,,REISY L1,,VENTAS AL 25 FEB,INGRESOS HOTMART,,,,," $ 1,235.0 ",,,,,
